TransactionID,CustomerID,PurchaseAmount,TransactionDate,PaymentMethod,Location
768133,72731,386.92,01/01/2023 00:00,Credit Card,Paris
148321,92676,340.85,01/01/2023 01:00,Debit Card,Berlin
227509,98477,472.41,01/01/2023 02:00,Credit Card,Madrid
873986,20602,211.23,01/01/2023 03:00,Paypal,Berlin
664912,29937,179.8,01/01/2023 04:00,Debit Card,Madrid
299395,96692,463.14,01/01/2023 05:00,Bank Transfer,London
894778,76097,218.57,01/01/2023 06:00,Bank Transfer,London
706101,67789,124.15,01/01/2023 07:00,Debit Card,London
650526,68042,119.2,01/01/2023 08:00,Credit Card,Amsterdam
254818,13869,333.25,01/01/2023 09:00,Paypal,Berlin
334226,82882,494.39,01/01/2023 10:00,Credit Card,Madrid
455016,24545,87.54,01/01/2023 11:00,Credit Card,Berlin
418877,51384,22.54,01/01/2023 12:00,Paypal,Berlin
788830,18420,95.58,01/01/2023 13:00,Credit Card,Berlin
447719,22797,182.51,01/01/2023 14:00,Debit Card,Madrid
337138,88646,249.77,01/01/2023 15:00,Credit Card,Paris
858185,87979,40.58,01/01/2023 16:00,Bank Transfer,Paris
971653,44012,456.27,01/01/2023 17:00,Paypal,London
454724,22373,477.42,01/01/2023 18:00,Debit Card,Berlin
825363,16409,460.01,01/01/2023 19:00,Credit Card,Amsterdam
717564,39771,26.05,01/01/2023 20:00,Paypal,Berlin
720829,26217,12.86,01/01/2023 21:00,Paypal,Berlin
670921,86266,25.45,01/01/2023 22:00,Debit Card,London
975409,45536,234.31,01/01/2023 23:00,Bank Transfer,London
860769,88585,195.2,02/01/2023 00:00,Paypal,London
548888,31554,190.97,02/01/2023 01:00,Credit Card,Paris
665381,94841,134.18,02/01/2023 02:00,Credit Card,Amsterdam
910431,32725,381.41,02/01/2023 03:00,Bank Transfer,Madrid
643281,44084,239.28,02/01/2023 04:00,Paypal,Madrid
404210,16209,417.06,02/01/2023 05:00,Credit Card,Berlin
764600,98442,340.79,02/01/2023 06:00,Debit Card,Berlin
343940,45138,32.34,02/01/2023 07:00,Debit Card,London
139274,76516,490.66,02/01/2023 08:00,Credit Card,Paris
859751,41051,490.08,02/01/2023 09:00,Debit Card,Paris
853094,94470,483.43,02/01/2023 10:00,Bank Transfer,Amsterdam
911661,30173,148.38,02/01/2023 11:00,Credit Card,Madrid
394695,13027,361.48,02/01/2023 12:00,Paypal,London
526179,95980,151.98,02/01/2023 13:00,Credit Card,London
614008,14216,219.75,02/01/2023 14:00,Bank Transfer,Paris
637147,68983,206.97,02/01/2023 15:00,Bank Transfer,Berlin
192850,47779,498.88,02/01/2023 16:00,Paypal,Madrid
476825,96076,126.37,02/01/2023 17:00,Credit Card,Amsterdam
769408,73604,73.0,02/01/2023 18:00,Paypal,Berlin
924827,13754,15.95,02/01/2023 19:00,Paypal,Paris
812991,14910,362.7,02/01/2023 20:00,Bank Transfer,Paris
681322,30821,219.55,02/01/2023 21:00,Bank Transfer,Madrid
923238,46652,360.09,02/01/2023 22:00,Debit Card,London
329181,21132,461.35,02/01/2023 23:00,Paypal,Paris
437383,63113,64.51,03/01/2023 00:00,Credit Card,Berlin
757622,53688,314.32,03/01/2023 01:00,Debit Card,Amsterdam
898559,37682,148.53,03/01/2023 02:00,Paypal,London
892843,69460,54.73,03/01/2023 03:00,Debit Card,Amsterdam
587047,60483,438.16,03/01/2023 04:00,Bank Transfer,Berlin
807316,53380,316.87,03/01/2023 05:00,Paypal,London
791806,22366,44.82,03/01/2023 06:00,Credit Card,Madrid
508793,24801,136.16,03/01/2023 07:00,Paypal,London
222830,75389,49.36,03/01/2023 08:00,Bank Transfer,Paris
859649,55369,301.09,03/01/2023 09:00,Paypal,Paris
552538,87478,452.56,03/01/2023 10:00,Credit Card,Madrid
531035,81121,260.69,03/01/2023 11:00,Paypal,Paris
133956,92709,375.03,03/01/2023 12:00,Paypal,Paris
626111,20985,189.85,03/01/2023 13:00,Paypal,Paris
337340,91514,471.4,03/01/2023 14:00,Bank Transfer,London
568811,78496,467.18,03/01/2023 15:00,Paypal,Madrid
404019,88363,91.71,03/01/2023 16:00,Debit Card,Madrid
420684,77982,10.04,03/01/2023 17:00,Credit Card,Paris
790270,38468,269.82,03/01/2023 18:00,Credit Card,Berlin
802994,18376,55.41,03/01/2023 19:00,Paypal,Madrid
193668,15582,161.04,03/01/2023 20:00,Debit Card,London
820248,67196,416.72,03/01/2023 21:00,Bank Transfer,Amsterdam
411068,47020,442.38,03/01/2023 22:00,Credit Card,London
416765,54142,163.83,03/01/2023 23:00,Bank Transfer,Paris
879023,45079,36.93,04/01/2023 00:00,Bank Transfer,London
806995,14845,299.01,04/01/2023 01:00,Bank Transfer,Paris
442760,79911,366.53,04/01/2023 02:00,Debit Card,Paris
983496,59323,355.42,04/01/2023 03:00,Credit Card,Paris
459703,43346,328.81,04/01/2023 04:00,Paypal,London
285154,94380,88.19,04/01/2023 05:00,Debit Card,London
218487,12698,115.92,04/01/2023 06:00,Paypal,Berlin
583111,41397,290.04,04/01/2023 07:00,Paypal,Madrid
414450,14047,315.19,04/01/2023 08:00,Paypal,Paris
227487,63272,256.75,04/01/2023 09:00,Credit Card,Amsterdam
581083,91072,491.1,04/01/2023 10:00,Debit Card,Berlin
788359,72336,419.31,04/01/2023 11:00,Credit Card,Berlin
898659,40525,133.55,04/01/2023 12:00,Credit Card,Berlin
243560,16318,217.83,04/01/2023 13:00,Bank Transfer,Amsterdam
428012,71100,11.57,04/01/2023 14:00,Paypal,Paris
930355,94204,430.38,04/01/2023 15:00,Debit Card,Madrid
900941,68811,473.68,04/01/2023 16:00,Debit Card,Amsterdam
641201,29280,383.48,04/01/2023 17:00,Bank Transfer,Paris
338541,40987,211.99,04/01/2023 18:00,Paypal,Madrid
562752,65113,68.6,04/01/2023 19:00,Credit Card,Amsterdam
523751,55761,407.26,04/01/2023 20:00,Paypal,Amsterdam
280364,68706,13.03,04/01/2023 21:00,Debit Card,Amsterdam
477143,41183,259.76,04/01/2023 22:00,Paypal,London
572587,48641,170.55,04/01/2023 23:00,Debit Card,Paris
257832,30578,343.25,05/01/2023 00:00,Paypal,Madrid
839904,82896,11.18,05/01/2023 01:00,Paypal,London
891430,48250,475.65,05/01/2023 02:00,Bank Transfer,London
524927,43175,295.3,05/01/2023 03:00,Credit Card,London
894925,37537,452.62,05/01/2023 04:00,Bank Transfer,Amsterdam
780597,23131,276.62,05/01/2023 05:00,Paypal,Berlin
872670,85256,95.92,05/01/2023 06:00,Debit Card,London
246358,98146,270.34,05/01/2023 07:00,Credit Card,Amsterdam
500821,68279,77.29,05/01/2023 08:00,Paypal,London
538272,50003,365.3,05/01/2023 09:00,Credit Card,London
713963,44417,42.84,05/01/2023 10:00,Bank Transfer,Paris
523475,93305,198.89,05/01/2023 11:00,Debit Card,London
942232,14700,255.25,05/01/2023 12:00,Bank Transfer,Paris
870582,11792,319.63,05/01/2023 13:00,Debit Card,Paris
647537,24715,430.96,05/01/2023 14:00,Debit Card,Amsterdam
706553,43389,211.79,05/01/2023 15:00,Bank Transfer,Madrid
796943,58269,255.01,05/01/2023 16:00,Credit Card,Berlin
695567,63777,288.82,05/01/2023 17:00,Bank Transfer,Paris
905563,54283,71.62,05/01/2023 18:00,Credit Card,Paris
199344,72755,470.93,05/01/2023 19:00,Bank Transfer,Amsterdam
493352,47082,403.73,05/01/2023 20:00,Bank Transfer,Berlin
148821,18159,22.28,05/01/2023 21:00,Bank Transfer,Paris
256223,34240,422.24,05/01/2023 22:00,Credit Card,Paris
969300,85110,246.52,05/01/2023 23:00,Debit Card,Madrid
161457,20362,183.29,06/01/2023 00:00,Bank Transfer,Madrid
987932,31903,225.72,06/01/2023 01:00,Credit Card,Berlin
700253,90071,238.17,06/01/2023 02:00,Paypal,Berlin
746310,82317,477.37,06/01/2023 03:00,Paypal,Madrid
179204,12662,249.28,06/01/2023 04:00,Paypal,Amsterdam
793838,88985,34.95,06/01/2023 05:00,Bank Transfer,Berlin
692600,78563,206.22,06/01/2023 06:00,Bank Transfer,Madrid
135483,23165,43.66,06/01/2023 07:00,Debit Card,Madrid
918445,30457,476.92,06/01/2023 08:00,Debit Card,London
731562,45554,353.81,06/01/2023 09:00,Debit Card,London
606391,29033,401.72,06/01/2023 10:00,Paypal,Paris
621255,67318,499.85,06/01/2023 11:00,Paypal,Madrid
881689,75393,353.79,06/01/2023 12:00,Credit Card,Berlin
743646,21524,181.15,06/01/2023 13:00,Credit Card,Berlin
981376,73386,216.36,06/01/2023 14:00,Bank Transfer,Madrid
930013,20989,12.37,06/01/2023 15:00,Bank Transfer,London
691545,17277,223.16,06/01/2023 16:00,Paypal,Amsterdam
922242,17918,281.61,06/01/2023 17:00,Bank Transfer,Berlin
962580,45702,448.61,06/01/2023 18:00,Debit Card,Paris
794313,85006,126.38,06/01/2023 19:00,Bank Transfer,Amsterdam
960187,45820,438.32,06/01/2023 20:00,Paypal,Paris
263771,67130,216.85,06/01/2023 21:00,Paypal,Amsterdam
581472,69090,368.25,06/01/2023 22:00,Paypal,Madrid
807388,30909,355.53,06/01/2023 23:00,Credit Card,Madrid
683578,62145,312.02,07/01/2023 00:00,Bank Transfer,Berlin
117696,71950,250.75,07/01/2023 01:00,Bank Transfer,London
316478,20638,221.22,07/01/2023 02:00,Credit Card,Amsterdam
105294,63345,360.3,07/01/2023 03:00,Bank Transfer,Paris
293006,85657,213.1,07/01/2023 04:00,Debit Card,Amsterdam
292512,46266,98.07,07/01/2023 05:00,Paypal,Berlin
108192,45321,109.77,07/01/2023 06:00,Debit Card,Amsterdam
789667,19310,72.21,07/01/2023 07:00,Paypal,Amsterdam
990942,55410,330.5,07/01/2023 08:00,Credit Card,Madrid
358754,82457,105.41,07/01/2023 09:00,Credit Card,Amsterdam
752828,34978,254.9,07/01/2023 10:00,Debit Card,Paris
191062,18773,67.2,07/01/2023 11:00,Credit Card,London
878943,24949,358.52,07/01/2023 12:00,Bank Transfer,Berlin
410821,25710,160.68,07/01/2023 13:00,Debit Card,Amsterdam
106180,57134,124.49,07/01/2023 14:00,Credit Card,Madrid
639568,30593,359.77,07/01/2023 15:00,Debit Card,Madrid
836980,71503,10.22,07/01/2023 16:00,Bank Transfer,Madrid
244848,24608,404.55,07/01/2023 17:00,Bank Transfer,Amsterdam
897780,94425,150.46,07/01/2023 18:00,Paypal,Berlin
864991,41215,493.06,07/01/2023 19:00,Bank Transfer,Amsterdam
181995,70526,342.42,07/01/2023 20:00,Debit Card,Berlin
786745,65746,278.37,07/01/2023 21:00,Bank Transfer,Amsterdam
353301,16484,37.41,07/01/2023 22:00,Paypal,Paris
236515,27687,484.21,07/01/2023 23:00,Bank Transfer,London
483026,57542,14.02,08/01/2023 00:00,Bank Transfer,Madrid
137038,23864,481.1,08/01/2023 01:00,Debit Card,Madrid
589180,76937,75.52,08/01/2023 02:00,Debit Card,Madrid
396176,86803,128.24,08/01/2023 03:00,Credit Card,Paris
716082,72045,75.09,08/01/2023 04:00,Credit Card,Madrid
537177,62418,138.83,08/01/2023 05:00,Debit Card,Amsterdam
656394,15328,35.87,08/01/2023 06:00,Credit Card,Amsterdam
292347,22476,327.79,08/01/2023 07:00,Bank Transfer,London
626315,64581,91.93,08/01/2023 08:00,Bank Transfer,Madrid
665601,71964,26.61,08/01/2023 09:00,Debit Card,Amsterdam
378979,97357,80.09,08/01/2023 10:00,Credit Card,London
310361,66718,387.54,08/01/2023 11:00,Bank Transfer,Madrid
837216,19569,231.19,08/01/2023 12:00,Debit Card,Paris
673495,85114,368.46,08/01/2023 13:00,Bank Transfer,Berlin
385692,80089,272.58,08/01/2023 14:00,Credit Card,Amsterdam
492307,44205,473.86,08/01/2023 15:00,Credit Card,Madrid
648671,79933,460.75,08/01/2023 16:00,Credit Card,Amsterdam
266767,22444,190.42,08/01/2023 17:00,Debit Card,London
466165,11381,122.1,08/01/2023 18:00,Credit Card,Amsterdam
332401,86147,65.47,08/01/2023 19:00,Bank Transfer,Berlin
411796,66842,326.1,08/01/2023 20:00,Paypal,Amsterdam
465787,96956,390.07,08/01/2023 21:00,Paypal,Madrid
844870,45258,438.61,08/01/2023 22:00,Credit Card,Berlin
351194,28341,13.67,08/01/2023 23:00,Paypal,Amsterdam
533589,55059,132.45,09/01/2023 00:00,Credit Card,Madrid
243219,93280,352.82,09/01/2023 01:00,Paypal,Madrid
122394,45451,325.22,09/01/2023 02:00,Bank Transfer,Paris
692134,89581,451.89,09/01/2023 03:00,Paypal,Berlin
876582,14421,410.72,09/01/2023 04:00,Debit Card,Amsterdam
481958,31253,184.33,09/01/2023 05:00,Debit Card,Madrid
540472,64532,233.05,09/01/2023 06:00,Paypal,Amsterdam
970920,34717,192.09,09/01/2023 07:00,Debit Card,Madrid
915680,15308,188.79,09/01/2023 08:00,Bank Transfer,Madrid
931613,24247,82.39,09/01/2023 09:00,Paypal,Madrid
775461,19359,192.57,09/01/2023 10:00,Paypal,Paris
654642,32995,246.03,09/01/2023 11:00,Credit Card,Paris
787912,98450,93.06,09/01/2023 12:00,Paypal,London
123670,13561,419.57,09/01/2023 13:00,Paypal,Berlin
351045,51610,187.23,09/01/2023 14:00,Bank Transfer,Berlin
348631,16839,211.54,09/01/2023 15:00,Debit Card,London
232134,90868,254.08,09/01/2023 16:00,Bank Transfer,Amsterdam
383251,84810,278.58,09/01/2023 17:00,Credit Card,Madrid
938933,12982,288.83,09/01/2023 18:00,Debit Card,Berlin
476967,47341,285.19,09/01/2023 19:00,Bank Transfer,Madrid
380789,55879,320.84,09/01/2023 20:00,Credit Card,Berlin
304676,51622,350.4,09/01/2023 21:00,Bank Transfer,London
958152,18607,176.94,09/01/2023 22:00,Credit Card,Paris
302545,41914,178.07,09/01/2023 23:00,Paypal,Paris
792384,28100,238.76,10/01/2023 00:00,Bank Transfer,London
862135,12114,198.46,10/01/2023 01:00,Debit Card,London
773397,27095,304.84,10/01/2023 02:00,Debit Card,London
765544,93156,26.52,10/01/2023 03:00,Paypal,Amsterdam
519300,45344,487.42,10/01/2023 04:00,Debit Card,Paris
552296,71504,128.2,10/01/2023 05:00,Paypal,Berlin
677999,68190,67.25,10/01/2023 06:00,Paypal,London
986583,77384,425.93,10/01/2023 07:00,Credit Card,Berlin
831830,33423,300.27,10/01/2023 08:00,Debit Card,Madrid
357460,29187,423.8,10/01/2023 09:00,Paypal,Amsterdam
509795,12077,35.59,10/01/2023 10:00,Bank Transfer,Amsterdam
930354,70468,108.85,10/01/2023 11:00,Debit Card,Amsterdam
467945,80090,154.28,10/01/2023 12:00,Paypal,Amsterdam
784539,65626,81.81,10/01/2023 13:00,Credit Card,Amsterdam
134147,90735,393.01,10/01/2023 14:00,Debit Card,London
346051,58678,404.03,10/01/2023 15:00,Credit Card,London
787645,71400,364.37,10/01/2023 16:00,Bank Transfer,Paris
280890,62588,42.4,10/01/2023 17:00,Bank Transfer,Amsterdam
295616,86878,59.7,10/01/2023 18:00,Debit Card,Madrid
668080,57530,183.19,10/01/2023 19:00,Debit Card,Amsterdam
755220,54940,82.26,10/01/2023 20:00,Bank Transfer,Amsterdam
800300,74889,161.67,10/01/2023 21:00,Debit Card,Berlin
622092,61487,434.66,10/01/2023 22:00,Credit Card,Madrid
366355,95002,443.07,10/01/2023 23:00,Debit Card,Madrid
291299,90151,196.2,11/01/2023 00:00,Paypal,London
920033,82065,367.59,11/01/2023 01:00,Credit Card,Madrid
198432,30989,365.11,11/01/2023 02:00,Credit Card,London
619925,96884,382.35,11/01/2023 03:00,Bank Transfer,Paris
521566,50256,230.17,11/01/2023 04:00,Paypal,Madrid
543876,92385,138.08,11/01/2023 05:00,Paypal,Berlin
435245,64642,306.1,11/01/2023 06:00,Credit Card,Berlin
425758,59046,190.92,11/01/2023 07:00,Paypal,London
274053,89518,120.66,11/01/2023 08:00,Credit Card,Berlin
813078,72491,212.66,11/01/2023 09:00,Bank Transfer,Paris
597943,24306,225.21,11/01/2023 10:00,Debit Card,Paris
657006,95093,241.8,11/01/2023 11:00,Paypal,Berlin
714654,65268,35.02,11/01/2023 12:00,Bank Transfer,Amsterdam
505695,36343,327.39,11/01/2023 13:00,Paypal,Amsterdam
920812,64985,474.43,11/01/2023 14:00,Bank Transfer,Amsterdam
622946,85814,101.4,11/01/2023 15:00,Debit Card,London
858273,71313,372.95,11/01/2023 16:00,Debit Card,Paris
670104,65987,399.47,11/01/2023 17:00,Credit Card,Madrid
733223,69435,64.5,11/01/2023 18:00,Debit Card,Paris
612455,38745,116.58,11/01/2023 19:00,Debit Card,Paris
929779,53986,62.09,11/01/2023 20:00,Credit Card,Berlin
709120,61209,408.48,11/01/2023 21:00,Debit Card,Berlin
126456,64577,474.15,11/01/2023 22:00,Paypal,Amsterdam
472079,15844,408.2,11/01/2023 23:00,Bank Transfer,Amsterdam
649239,34674,127.46,12/01/2023 00:00,Credit Card,Amsterdam
551555,48032,19.83,12/01/2023 01:00,Debit Card,Paris
124363,43231,322.74,12/01/2023 02:00,Paypal,Paris
293419,11267,87.67,12/01/2023 03:00,Debit Card,London
829080,28785,202.71,12/01/2023 04:00,Credit Card,Amsterdam
479066,62906,410.57,12/01/2023 05:00,Bank Transfer,Berlin
489092,98343,125.87,12/01/2023 06:00,Paypal,Berlin
363280,35953,472.09,12/01/2023 07:00,Bank Transfer,Paris
184781,84271,200.02,12/01/2023 08:00,Credit Card,Madrid
305878,78582,302.24,12/01/2023 09:00,Credit Card,London
156391,93548,256.14,12/01/2023 10:00,Debit Card,Amsterdam
278658,59806,25.66,12/01/2023 11:00,Bank Transfer,Berlin
716971,15443,127.88,12/01/2023 12:00,Bank Transfer,London
369397,30800,118.24,12/01/2023 13:00,Debit Card,Amsterdam
133065,93878,90.67,12/01/2023 14:00,Credit Card,London
522224,80767,475.44,12/01/2023 15:00,Credit Card,Madrid
545093,94745,361.66,12/01/2023 16:00,Bank Transfer,Berlin
870988,37719,240.1,12/01/2023 17:00,Debit Card,Paris
647630,65163,254.6,12/01/2023 18:00,Bank Transfer,Paris
711589,14954,12.61,12/01/2023 19:00,Debit Card,Amsterdam
975561,96259,308.88,12/01/2023 20:00,Credit Card,Berlin
459779,73428,37.64,12/01/2023 21:00,Credit Card,Berlin
415223,17182,198.29,12/01/2023 22:00,Debit Card,Amsterdam
649360,58910,276.73,12/01/2023 23:00,Credit Card,Berlin
422848,78589,278.84,13/01/2023 00:00,Bank Transfer,Amsterdam
328327,41601,467.75,13/01/2023 01:00,Debit Card,Amsterdam
152582,59550,96.09,13/01/2023 02:00,Bank Transfer,Paris
380953,38271,18.64,13/01/2023 03:00,Credit Card,Paris
679453,29909,219.53,13/01/2023 04:00,Bank Transfer,Madrid
562661,11609,59.74,13/01/2023 05:00,Credit Card,Berlin
303543,72900,41.3,13/01/2023 06:00,Bank Transfer,Berlin
257047,92213,299.8,13/01/2023 07:00,Credit Card,Madrid
122188,21248,391.07,13/01/2023 08:00,Bank Transfer,London
407347,24001,275.55,13/01/2023 09:00,Paypal,London
804559,58562,174.98,13/01/2023 10:00,Debit Card,Madrid
234120,38841,408.04,13/01/2023 11:00,Credit Card,London
697401,61473,278.36,13/01/2023 12:00,Credit Card,Madrid
941082,93967,83.61,13/01/2023 13:00,Debit Card,Madrid
747783,56223,111.82,13/01/2023 14:00,Credit Card,Berlin
898210,36817,126.01,13/01/2023 15:00,Debit Card,Berlin
442897,79917,406.82,13/01/2023 16:00,Paypal,Berlin
711075,57528,293.53,13/01/2023 17:00,Bank Transfer,London
123808,71557,400.73,13/01/2023 18:00,Bank Transfer,Madrid
761158,66437,430.21,13/01/2023 19:00,Paypal,Paris
903331,76467,373.0,13/01/2023 20:00,Bank Transfer,Madrid
602054,63483,168.86,13/01/2023 21:00,Debit Card,Amsterdam
989314,66551,214.11,13/01/2023 22:00,Credit Card,Paris
494328,11298,460.77,13/01/2023 23:00,Paypal,Madrid
273345,41085,31.05,14/01/2023 00:00,Debit Card,Paris
999031,84263,145.82,14/01/2023 01:00,Credit Card,Madrid
702045,58963,140.72,14/01/2023 02:00,Paypal,Amsterdam
489429,53293,267.03,14/01/2023 03:00,Bank Transfer,Madrid
377836,61038,426.92,14/01/2023 04:00,Credit Card,London
923300,52662,131.74,14/01/2023 05:00,Paypal,London
220372,32415,423.4,14/01/2023 06:00,Bank Transfer,Berlin
361844,34575,52.14,14/01/2023 07:00,Credit Card,Amsterdam
670652,20478,280.7,14/01/2023 08:00,Credit Card,Berlin
597737,73423,213.13,14/01/2023 09:00,Debit Card,Madrid
539188,88988,279.7,14/01/2023 10:00,Bank Transfer,Berlin
819357,24537,69.82,14/01/2023 11:00,Paypal,Berlin
109171,21674,280.51,14/01/2023 12:00,Credit Card,Amsterdam
379784,63010,85.47,14/01/2023 13:00,Bank Transfer,London
519253,36839,359.29,14/01/2023 14:00,Credit Card,London
258485,62249,265.78,14/01/2023 15:00,Paypal,Berlin
979942,88172,198.61,14/01/2023 16:00,Debit Card,London
825821,94288,405.59,14/01/2023 17:00,Debit Card,Madrid
806212,42213,261.45,14/01/2023 18:00,Debit Card,Madrid
882432,38604,341.73,14/01/2023 19:00,Paypal,Amsterdam
514054,26162,447.3,14/01/2023 20:00,Bank Transfer,London
895573,32535,441.51,14/01/2023 21:00,Debit Card,Paris
943448,99559,245.03,14/01/2023 22:00,Credit Card,Paris
496845,51139,355.89,14/01/2023 23:00,Credit Card,Amsterdam
344922,20687,101.71,15/01/2023 00:00,Credit Card,Amsterdam
718800,75506,293.84,15/01/2023 01:00,Bank Transfer,Paris
467265,51387,119.61,15/01/2023 02:00,Credit Card,Amsterdam
276505,59839,14.56,15/01/2023 03:00,Bank Transfer,London
189326,39320,239.3,15/01/2023 04:00,Bank Transfer,London
174455,14529,250.35,15/01/2023 05:00,Paypal,Berlin
499495,46357,104.91,15/01/2023 06:00,Credit Card,Berlin
470392,58580,236.6,15/01/2023 07:00,Credit Card,Amsterdam
197964,43452,74.23,15/01/2023 08:00,Bank Transfer,Madrid
957345,97411,370.57,15/01/2023 09:00,Paypal,Paris
679991,49536,347.41,15/01/2023 10:00,Bank Transfer,Paris
611262,57776,264.36,15/01/2023 11:00,Debit Card,Madrid
928107,10706,312.3,15/01/2023 12:00,Debit Card,Amsterdam
261064,73191,268.76,15/01/2023 13:00,Debit Card,Madrid
374011,59941,488.89,15/01/2023 14:00,Paypal,Paris
370308,12178,391.25,15/01/2023 15:00,Debit Card,London
240395,99954,393.54,15/01/2023 16:00,Bank Transfer,Amsterdam
676676,70507,158.67,15/01/2023 17:00,Debit Card,Madrid
932522,41365,259.46,15/01/2023 18:00,Bank Transfer,Berlin
237676,97432,434.99,15/01/2023 19:00,Credit Card,Berlin
639937,23557,355.87,15/01/2023 20:00,Paypal,Amsterdam
854799,70160,392.16,15/01/2023 21:00,Credit Card,London
892579,81457,481.01,15/01/2023 22:00,Debit Card,Amsterdam
737697,71635,296.26,15/01/2023 23:00,Credit Card,Madrid
819290,99891,46.47,16/01/2023 00:00,Paypal,London
910687,37643,411.66,16/01/2023 01:00,Paypal,Paris
266024,60771,178.18,16/01/2023 02:00,Debit Card,Amsterdam
691219,51408,164.37,16/01/2023 03:00,Credit Card,Amsterdam
799898,37681,75.49,16/01/2023 04:00,Debit Card,Amsterdam
894309,89647,188.87,16/01/2023 05:00,Paypal,Amsterdam
117040,47623,249.25,16/01/2023 06:00,Credit Card,Madrid
833849,11072,238.54,16/01/2023 07:00,Credit Card,Berlin
341025,83962,373.02,16/01/2023 08:00,Bank Transfer,London
183025,80391,150.59,16/01/2023 09:00,Bank Transfer,Amsterdam
248341,41841,432.26,16/01/2023 10:00,Bank Transfer,London
324992,76164,113.39,16/01/2023 11:00,Bank Transfer,Paris
189368,20718,269.39,16/01/2023 12:00,Bank Transfer,Berlin
609095,56266,241.19,16/01/2023 13:00,Credit Card,Amsterdam
849306,27347,197.33,16/01/2023 14:00,Bank Transfer,Berlin
514656,44984,384.37,16/01/2023 15:00,Credit Card,Paris
766564,68553,462.04,16/01/2023 16:00,Debit Card,Madrid
668734,73478,230.06,16/01/2023 17:00,Bank Transfer,London
567472,55886,254.13,16/01/2023 18:00,Debit Card,London
363747,71643,143.56,16/01/2023 19:00,Credit Card,Madrid
407675,35026,204.25,16/01/2023 20:00,Debit Card,Amsterdam
263290,77357,161.56,16/01/2023 21:00,Credit Card,Amsterdam
170684,62504,205.49,16/01/2023 22:00,Paypal,London
263818,95838,297.05,16/01/2023 23:00,Bank Transfer,Madrid
578800,94780,355.58,17/01/2023 00:00,Debit Card,London
293154,47248,179.14,17/01/2023 01:00,Paypal,Amsterdam
432386,87743,280.32,17/01/2023 02:00,Debit Card,Paris
410727,74619,444.92,17/01/2023 03:00,Paypal,Berlin
784496,33153,202.34,17/01/2023 04:00,Credit Card,London
252210,70603,259.73,17/01/2023 05:00,Credit Card,Berlin
831686,27549,220.46,17/01/2023 06:00,Credit Card,London
802838,57225,251.82,17/01/2023 07:00,Credit Card,Berlin
970310,77948,101.85,17/01/2023 08:00,Credit Card,Berlin
518036,22119,323.46,17/01/2023 09:00,Bank Transfer,Paris
866966,63621,457.52,17/01/2023 10:00,Credit Card,London
670671,20353,356.67,17/01/2023 11:00,Bank Transfer,London
215881,32430,258.4,17/01/2023 12:00,Bank Transfer,Madrid
537830,35006,451.66,17/01/2023 13:00,Bank Transfer,Madrid
539864,23038,343.32,17/01/2023 14:00,Debit Card,Berlin
383684,57578,388.74,17/01/2023 15:00,Credit Card,London
445748,13377,52.44,17/01/2023 16:00,Paypal,London
426939,46356,118.94,17/01/2023 17:00,Credit Card,Paris
603335,31924,490.6,17/01/2023 18:00,Paypal,Madrid
491820,94612,276.63,17/01/2023 19:00,Debit Card,Berlin
109790,15973,46.67,17/01/2023 20:00,Debit Card,Berlin
685659,97060,206.89,17/01/2023 21:00,Paypal,Amsterdam
337049,39880,224.36,17/01/2023 22:00,Paypal,London
437115,29249,430.81,17/01/2023 23:00,Paypal,London
270832,70711,302.17,18/01/2023 00:00,Bank Transfer,London
746011,73553,373.58,18/01/2023 01:00,Debit Card,London
394500,19385,289.71,18/01/2023 02:00,Paypal,Paris
317300,97028,20.02,18/01/2023 03:00,Bank Transfer,London
837319,61148,380.32,18/01/2023 04:00,Credit Card,Amsterdam
256381,90596,172.3,18/01/2023 05:00,Bank Transfer,London
199481,89554,216.22,18/01/2023 06:00,Bank Transfer,Madrid
777323,34144,183.14,18/01/2023 07:00,Debit Card,London
446170,10211,352.54,18/01/2023 08:00,Debit Card,Madrid
784026,62861,223.84,18/01/2023 09:00,Debit Card,Paris
895673,27179,169.45,18/01/2023 10:00,Debit Card,Madrid
796499,58513,250.69,18/01/2023 11:00,Debit Card,Berlin
799470,10683,145.09,18/01/2023 12:00,Bank Transfer,London
537593,63547,266.17,18/01/2023 13:00,Bank Transfer,Paris
490707,90055,267.58,18/01/2023 14:00,Credit Card,Berlin
794139,12305,280.22,18/01/2023 15:00,Credit Card,Berlin
560529,64929,168.47,18/01/2023 16:00,Credit Card,Madrid
970360,84014,229.05,18/01/2023 17:00,Credit Card,Amsterdam
864618,30443,437.42,18/01/2023 18:00,Paypal,Berlin
215817,21351,230.92,18/01/2023 19:00,Credit Card,London
697110,68852,221.73,18/01/2023 20:00,Bank Transfer,London
187735,19667,278.1,18/01/2023 21:00,Credit Card,Paris
613235,13852,152.57,18/01/2023 22:00,Credit Card,Berlin
617441,13848,257.66,18/01/2023 23:00,Bank Transfer,Paris
860697,64621,213.07,19/01/2023 00:00,Paypal,Berlin
913674,21333,23.52,19/01/2023 01:00,Bank Transfer,Berlin
319070,84914,365.55,19/01/2023 02:00,Paypal,Berlin
806025,50917,238.88,19/01/2023 03:00,Paypal,London
783887,11393,362.73,19/01/2023 04:00,Credit Card,Berlin
449425,57537,379.53,19/01/2023 05:00,Debit Card,Berlin
443124,18842,463.87,19/01/2023 06:00,Bank Transfer,Berlin
417127,74969,316.72,19/01/2023 07:00,Debit Card,Amsterdam
170529,17271,195.8,19/01/2023 08:00,Debit Card,London
384451,61826,189.66,19/01/2023 09:00,Credit Card,Paris
276727,47748,94.58,19/01/2023 10:00,Paypal,Madrid
152023,35371,356.84,19/01/2023 11:00,Credit Card,Madrid
774919,96755,424.93,19/01/2023 12:00,Debit Card,Berlin
416719,26428,183.5,19/01/2023 13:00,Paypal,Madrid
432190,67998,404.47,19/01/2023 14:00,Debit Card,London
738736,93837,136.56,19/01/2023 15:00,Paypal,Amsterdam
169170,94156,176.49,19/01/2023 16:00,Bank Transfer,Madrid
652067,29307,328.67,19/01/2023 17:00,Credit Card,London
861111,80186,472.39,19/01/2023 18:00,Paypal,Paris
760388,28888,312.87,19/01/2023 19:00,Credit Card,Berlin
431748,51588,96.05,19/01/2023 20:00,Bank Transfer,Berlin
490345,39756,12.76,19/01/2023 21:00,Paypal,Madrid
109140,93938,75.61,19/01/2023 22:00,Debit Card,Amsterdam
605233,24781,51.27,19/01/2023 23:00,Paypal,Berlin
242591,27511,23.24,20/01/2023 00:00,Paypal,Paris
561671,54246,96.3,20/01/2023 01:00,Credit Card,Amsterdam
386505,46753,402.4,20/01/2023 02:00,Paypal,Paris
436114,67113,171.6,20/01/2023 03:00,Debit Card,London
351033,79194,164.37,20/01/2023 04:00,Debit Card,Berlin
989733,63200,453.55,20/01/2023 05:00,Credit Card,Madrid
776809,51447,431.43,20/01/2023 06:00,Bank Transfer,Madrid
479989,87062,192.83,20/01/2023 07:00,Paypal,Madrid
453523,18821,121.52,20/01/2023 08:00,Credit Card,Amsterdam
838536,94711,275.32,20/01/2023 09:00,Debit Card,Madrid
704509,62159,478.44,20/01/2023 10:00,Bank Transfer,Paris
899565,78135,414.99,20/01/2023 11:00,Bank Transfer,Amsterdam
187767,34029,197.92,20/01/2023 12:00,Paypal,Berlin
212946,99491,142.04,20/01/2023 13:00,Credit Card,Paris
709185,47425,234.23,20/01/2023 14:00,Paypal,London
280092,23130,181.1,20/01/2023 15:00,Paypal,Berlin
859407,33596,274.88,20/01/2023 16:00,Paypal,London
165373,40928,190.03,20/01/2023 17:00,Debit Card,Madrid
283709,73056,198.11,20/01/2023 18:00,Paypal,Madrid
691614,91668,382.62,20/01/2023 19:00,Credit Card,Berlin
738800,56233,271.16,20/01/2023 20:00,Debit Card,Berlin
714683,41846,11.3,20/01/2023 21:00,Paypal,Berlin
828368,22028,80.2,20/01/2023 22:00,Debit Card,Paris
157858,85763,481.03,20/01/2023 23:00,Paypal,Madrid
912074,39856,278.6,21/01/2023 00:00,Paypal,Amsterdam
148575,73128,25.22,21/01/2023 01:00,Bank Transfer,Berlin
271232,56186,231.0,21/01/2023 02:00,Bank Transfer,London
807871,55507,485.53,21/01/2023 03:00,Debit Card,Amsterdam
517160,90119,313.53,21/01/2023 04:00,Credit Card,Berlin
574829,35553,105.36,21/01/2023 05:00,Credit Card,London
875326,70540,194.53,21/01/2023 06:00,Debit Card,Berlin
935444,64297,446.27,21/01/2023 07:00,Bank Transfer,Madrid
971445,61712,481.87,21/01/2023 08:00,Debit Card,London
821409,84592,476.81,21/01/2023 09:00,Debit Card,Berlin
629280,75029,348.51,21/01/2023 10:00,Bank Transfer,Paris
857837,85490,104.77,21/01/2023 11:00,Credit Card,Amsterdam
288535,23405,389.63,21/01/2023 12:00,Paypal,London
234412,24598,372.27,21/01/2023 13:00,Credit Card,Madrid
107734,71044,368.12,21/01/2023 14:00,Bank Transfer,London
102402,38167,259.95,21/01/2023 15:00,Bank Transfer,Amsterdam
212542,34901,325.22,21/01/2023 16:00,Paypal,Paris
567990,64317,326.54,21/01/2023 17:00,Debit Card,Madrid
819334,10976,260.23,21/01/2023 18:00,Paypal,Berlin
616221,45295,306.51,21/01/2023 19:00,Credit Card,Madrid
626246,53811,76.03,21/01/2023 20:00,Credit Card,London
154252,15273,224.98,21/01/2023 21:00,Bank Transfer,London
967525,73902,276.81,21/01/2023 22:00,Bank Transfer,Amsterdam
657353,91201,283.46,21/01/2023 23:00,Debit Card,London
872949,13818,96.16,22/01/2023 00:00,Credit Card,London
636562,63025,174.55,22/01/2023 01:00,Bank Transfer,Berlin
472858,85004,469.13,22/01/2023 02:00,Paypal,Madrid
356918,51775,430.74,22/01/2023 03:00,Paypal,Paris
344113,63170,386.44,22/01/2023 04:00,Credit Card,Paris
746581,99864,358.35,22/01/2023 05:00,Debit Card,Amsterdam
551688,39330,315.88,22/01/2023 06:00,Bank Transfer,Paris
440141,84576,421.11,22/01/2023 07:00,Debit Card,Madrid
974119,41837,313.16,22/01/2023 08:00,Debit Card,Berlin
521292,58010,41.86,22/01/2023 09:00,Credit Card,Paris
116318,70023,489.29,22/01/2023 10:00,Paypal,Amsterdam
936476,39297,151.15,22/01/2023 11:00,Bank Transfer,Amsterdam
758702,99084,151.88,22/01/2023 12:00,Bank Transfer,Madrid
543906,40383,352.83,22/01/2023 13:00,Paypal,Paris
575771,74338,321.39,22/01/2023 14:00,Credit Card,Paris
916157,85433,338.32,22/01/2023 15:00,Debit Card,Amsterdam
732608,28976,78.01,22/01/2023 16:00,Bank Transfer,Berlin
296657,16055,143.99,22/01/2023 17:00,Debit Card,Paris
613902,16215,108.45,22/01/2023 18:00,Paypal,Madrid
643484,23878,385.61,22/01/2023 19:00,Paypal,London
756607,21126,10.05,22/01/2023 20:00,Paypal,Madrid
887972,84059,493.22,22/01/2023 21:00,Debit Card,Madrid
849119,43140,406.84,22/01/2023 22:00,Paypal,Paris
691382,97670,57.05,22/01/2023 23:00,Paypal,London
540798,72477,171.99,23/01/2023 00:00,Credit Card,London
640627,40780,216.94,23/01/2023 01:00,Paypal,Paris
387539,86303,30.29,23/01/2023 02:00,Bank Transfer,Madrid
959360,67540,26.96,23/01/2023 03:00,Debit Card,London
888745,83318,104.63,23/01/2023 04:00,Bank Transfer,Berlin
704504,82382,12.18,23/01/2023 05:00,Paypal,Madrid
536826,38456,353.73,23/01/2023 06:00,Paypal,Berlin
306970,70046,285.08,23/01/2023 07:00,Credit Card,Madrid
342170,33170,11.64,23/01/2023 08:00,Bank Transfer,Berlin
887878,22675,464.8,23/01/2023 09:00,Paypal,London
619274,36010,46.4,23/01/2023 10:00,Credit Card,London
331485,36228,379.34,23/01/2023 11:00,Paypal,Madrid
511904,94349,464.63,23/01/2023 12:00,Credit Card,Paris
722187,88210,100.93,23/01/2023 13:00,Bank Transfer,Berlin
493844,16210,224.89,23/01/2023 14:00,Debit Card,Paris
727654,22830,397.0,23/01/2023 15:00,Bank Transfer,London
343934,60052,350.18,23/01/2023 16:00,Debit Card,Paris
502247,29175,374.11,23/01/2023 17:00,Debit Card,Madrid
896811,43062,350.41,23/01/2023 18:00,Credit Card,London
250588,87341,26.89,23/01/2023 19:00,Debit Card,Paris
714151,49812,413.35,23/01/2023 20:00,Credit Card,Amsterdam
928898,32724,444.71,23/01/2023 21:00,Paypal,Amsterdam
860693,53073,354.44,23/01/2023 22:00,Debit Card,Berlin
287838,18294,103.8,23/01/2023 23:00,Paypal,London
209000,34260,348.99,24/01/2023 00:00,Bank Transfer,Madrid
478813,57448,432.85,24/01/2023 01:00,Debit Card,Amsterdam
699834,38383,91.81,24/01/2023 02:00,Bank Transfer,London
869682,84408,207.79,24/01/2023 03:00,Paypal,Madrid
146437,92624,339.74,24/01/2023 04:00,Debit Card,Amsterdam
397918,50940,129.78,24/01/2023 05:00,Debit Card,Amsterdam
642899,21322,31.49,24/01/2023 06:00,Paypal,Madrid
539939,38100,63.21,24/01/2023 07:00,Paypal,Paris
948755,63941,447.97,24/01/2023 08:00,Bank Transfer,Madrid
294623,46167,116.63,24/01/2023 09:00,Bank Transfer,London
573828,23831,113.85,24/01/2023 10:00,Bank Transfer,Paris
985835,80283,233.91,24/01/2023 11:00,Bank Transfer,London
265851,81507,80.02,24/01/2023 12:00,Paypal,Madrid
365238,20723,15.21,24/01/2023 13:00,Credit Card,Madrid
794277,30515,478.48,24/01/2023 14:00,Credit Card,Paris
145294,38985,173.51,24/01/2023 15:00,Credit Card,Berlin
278232,91951,329.57,24/01/2023 16:00,Bank Transfer,London
202804,35698,229.95,24/01/2023 17:00,Paypal,London
563190,58821,440.18,24/01/2023 18:00,Credit Card,Madrid
617617,32874,194.07,24/01/2023 19:00,Debit Card,Madrid
631153,91344,393.08,24/01/2023 20:00,Paypal,Paris
988592,22388,173.24,24/01/2023 21:00,Credit Card,London
574281,13839,188.81,24/01/2023 22:00,Bank Transfer,London
737792,29570,286.26,24/01/2023 23:00,Credit Card,Berlin
345662,37914,406.34,25/01/2023 00:00,Credit Card,Paris
402904,73285,350.51,25/01/2023 01:00,Paypal,Paris
258259,16423,82.27,25/01/2023 02:00,Debit Card,Paris
352983,82509,101.89,25/01/2023 03:00,Bank Transfer,Amsterdam
386181,63867,27.26,25/01/2023 04:00,Credit Card,London
143518,24128,402.36,25/01/2023 05:00,Bank Transfer,Paris
931080,68174,229.28,25/01/2023 06:00,Debit Card,Amsterdam
197411,86294,194.07,25/01/2023 07:00,Debit Card,London
461057,10776,317.21,25/01/2023 08:00,Paypal,Madrid
933929,23927,345.81,25/01/2023 09:00,Paypal,Paris
830168,92826,193.68,25/01/2023 10:00,Debit Card,Paris
474239,54875,203.48,25/01/2023 11:00,Bank Transfer,Paris
202289,87058,376.87,25/01/2023 12:00,Debit Card,Berlin
941359,16108,428.63,25/01/2023 13:00,Paypal,Madrid
893621,47731,91.6,25/01/2023 14:00,Paypal,Berlin
251818,93744,246.59,25/01/2023 15:00,Debit Card,Paris
238465,54816,225.42,25/01/2023 16:00,Bank Transfer,London
289938,16723,309.09,25/01/2023 17:00,Credit Card,Amsterdam
243485,71655,49.86,25/01/2023 18:00,Credit Card,Paris
816020,58608,241.66,25/01/2023 19:00,Paypal,Madrid
913821,91180,63.42,25/01/2023 20:00,Credit Card,Paris
933029,15908,200.29,25/01/2023 21:00,Credit Card,London
920156,38168,226.08,25/01/2023 22:00,Paypal,Paris
822024,65422,358.98,25/01/2023 23:00,Paypal,Amsterdam
803323,39619,369.39,26/01/2023 00:00,Credit Card,London
674849,88071,408.89,26/01/2023 01:00,Paypal,London
422381,53807,320.32,26/01/2023 02:00,Bank Transfer,Berlin
736487,63397,342.83,26/01/2023 03:00,Debit Card,Madrid
452468,30227,77.7,26/01/2023 04:00,Paypal,Madrid
585634,28595,27.38,26/01/2023 05:00,Bank Transfer,Berlin
224707,20173,291.81,26/01/2023 06:00,Credit Card,Berlin
478885,20971,40.25,26/01/2023 07:00,Bank Transfer,Berlin
164378,80009,227.61,26/01/2023 08:00,Credit Card,Madrid
126200,12381,142.65,26/01/2023 09:00,Debit Card,Amsterdam
342610,75949,33.31,26/01/2023 10:00,Bank Transfer,Amsterdam
396481,34179,443.18,26/01/2023 11:00,Credit Card,Berlin
999532,21961,111.89,26/01/2023 12:00,Credit Card,Paris
698575,25501,395.61,26/01/2023 13:00,Credit Card,Paris
534025,38634,354.43,26/01/2023 14:00,Debit Card,Paris
695512,10733,181.23,26/01/2023 15:00,Credit Card,Paris
804214,31411,251.76,26/01/2023 16:00,Credit Card,Madrid
407496,13037,81.2,26/01/2023 17:00,Paypal,London
745828,87917,122.6,26/01/2023 18:00,Paypal,Amsterdam
312218,94400,380.1,26/01/2023 19:00,Debit Card,Paris
613720,87789,143.54,26/01/2023 20:00,Bank Transfer,London
815142,78326,130.71,26/01/2023 21:00,Debit Card,Paris
616856,64167,418.17,26/01/2023 22:00,Debit Card,Madrid
405669,33934,466.5,26/01/2023 23:00,Debit Card,Paris
809500,45962,218.63,27/01/2023 00:00,Paypal,London
574328,21708,433.72,27/01/2023 01:00,Paypal,Amsterdam
174907,28213,467.83,27/01/2023 02:00,Bank Transfer,Madrid
497552,65094,275.27,27/01/2023 03:00,Bank Transfer,Paris
271702,48312,111.51,27/01/2023 04:00,Bank Transfer,Madrid
455218,16034,490.5,27/01/2023 05:00,Paypal,London
913596,83423,278.1,27/01/2023 06:00,Paypal,Madrid
734187,51800,198.29,27/01/2023 07:00,Paypal,Amsterdam
593803,95021,181.93,27/01/2023 08:00,Paypal,Madrid
132368,23219,294.13,27/01/2023 09:00,Bank Transfer,London
396403,79740,347.32,27/01/2023 10:00,Bank Transfer,Paris
187598,53102,450.36,27/01/2023 11:00,Debit Card,Berlin
765960,36468,204.51,27/01/2023 12:00,Paypal,Paris
936826,63051,189.11,27/01/2023 13:00,Paypal,London
602048,13904,41.16,27/01/2023 14:00,Bank Transfer,Madrid
155439,31688,459.15,27/01/2023 15:00,Debit Card,Paris
132308,28387,479.13,27/01/2023 16:00,Bank Transfer,Berlin
333554,47228,465.86,27/01/2023 17:00,Bank Transfer,Madrid
508926,90767,296.84,27/01/2023 18:00,Bank Transfer,Madrid
659311,94179,411.61,27/01/2023 19:00,Credit Card,Berlin
593042,72922,226.09,27/01/2023 20:00,Paypal,Madrid
974530,32369,110.08,27/01/2023 21:00,Credit Card,Amsterdam
531540,21300,39.97,27/01/2023 22:00,Bank Transfer,Amsterdam
693948,89584,480.25,27/01/2023 23:00,Bank Transfer,London
872986,28635,487.11,28/01/2023 00:00,Paypal,Amsterdam
544198,79721,481.01,28/01/2023 01:00,Paypal,London
572398,50378,416.88,28/01/2023 02:00,Paypal,London
917335,71985,487.42,28/01/2023 03:00,Paypal,Berlin
748059,73070,315.62,28/01/2023 04:00,Credit Card,London
438352,39546,465.24,28/01/2023 05:00,Debit Card,Amsterdam
943467,57708,254.65,28/01/2023 06:00,Credit Card,Madrid
171241,45540,377.05,28/01/2023 07:00,Bank Transfer,Berlin
686516,27915,339.51,28/01/2023 08:00,Debit Card,Berlin
596073,68326,447.06,28/01/2023 09:00,Credit Card,Berlin
496634,75393,360.57,28/01/2023 10:00,Paypal,Paris
482445,17007,456.22,28/01/2023 11:00,Bank Transfer,Amsterdam
108071,60111,89.93,28/01/2023 12:00,Bank Transfer,Paris
952461,53433,131.02,28/01/2023 13:00,Paypal,Madrid
440785,76131,344.9,28/01/2023 14:00,Debit Card,Paris
653280,99469,399.16,28/01/2023 15:00,Credit Card,Paris
573760,26185,269.51,28/01/2023 16:00,Bank Transfer,Amsterdam
185580,27699,469.87,28/01/2023 17:00,Credit Card,Amsterdam
463566,83745,67.98,28/01/2023 18:00,Bank Transfer,Madrid
492467,58973,450.02,28/01/2023 19:00,Debit Card,Paris
206353,19120,92.35,28/01/2023 20:00,Debit Card,Amsterdam
120350,96348,128.04,28/01/2023 21:00,Credit Card,Berlin
270293,51091,380.67,28/01/2023 22:00,Bank Transfer,London
902114,41036,49.17,28/01/2023 23:00,Debit Card,Madrid
133502,13271,144.84,29/01/2023 00:00,Bank Transfer,Paris
648287,97720,275.33,29/01/2023 01:00,Debit Card,Madrid
138895,92774,495.06,29/01/2023 02:00,Bank Transfer,Paris
872160,10891,333.75,29/01/2023 03:00,Bank Transfer,London
404736,71070,436.82,29/01/2023 04:00,Debit Card,Madrid
511262,99290,327.86,29/01/2023 05:00,Credit Card,Madrid
551650,38638,89.55,29/01/2023 06:00,Bank Transfer,Madrid
645489,50725,450.72,29/01/2023 07:00,Credit Card,Madrid
184136,95232,186.14,29/01/2023 08:00,Debit Card,Madrid
909025,72022,140.87,29/01/2023 09:00,Bank Transfer,Amsterdam
997739,69434,222.69,29/01/2023 10:00,Paypal,Paris
467584,77811,375.9,29/01/2023 11:00,Debit Card,Paris
914802,43985,321.37,29/01/2023 12:00,Bank Transfer,Paris
578021,18638,104.34,29/01/2023 13:00,Paypal,London
201635,18982,51.78,29/01/2023 14:00,Paypal,Berlin
405304,53526,110.88,29/01/2023 15:00,Paypal,Amsterdam
975390,63538,19.24,29/01/2023 16:00,Bank Transfer,Amsterdam
582286,35179,336.21,29/01/2023 17:00,Paypal,Amsterdam
288465,64987,127.07,29/01/2023 18:00,Debit Card,London
674444,62126,166.21,29/01/2023 19:00,Debit Card,Madrid
341855,87846,104.04,29/01/2023 20:00,Paypal,Berlin
743306,48862,312.64,29/01/2023 21:00,Debit Card,London
994142,27619,107.61,29/01/2023 22:00,Credit Card,Berlin
534319,96963,425.3,29/01/2023 23:00,Paypal,Paris
535989,95897,274.7,30/01/2023 00:00,Bank Transfer,London
740045,84690,432.36,30/01/2023 01:00,Paypal,Madrid
489451,99008,497.5,30/01/2023 02:00,Paypal,Amsterdam
346535,51724,421.61,30/01/2023 03:00,Credit Card,Amsterdam
228260,26645,285.62,30/01/2023 04:00,Bank Transfer,Amsterdam
186536,53266,135.08,30/01/2023 05:00,Bank Transfer,Paris
625989,97730,357.21,30/01/2023 06:00,Paypal,Berlin
975253,87504,398.45,30/01/2023 07:00,Paypal,Madrid
554629,65315,225.11,30/01/2023 08:00,Bank Transfer,Amsterdam
219650,60801,319.54,30/01/2023 09:00,Credit Card,Paris
497683,73767,357.82,30/01/2023 10:00,Bank Transfer,Madrid
779244,70574,306.4,30/01/2023 11:00,Debit Card,Berlin
362469,72961,366.67,30/01/2023 12:00,Paypal,Paris
427554,98635,488.05,30/01/2023 13:00,Debit Card,Paris
939131,81325,154.73,30/01/2023 14:00,Paypal,Madrid
906727,41501,272.95,30/01/2023 15:00,Credit Card,Berlin
354610,22010,338.26,30/01/2023 16:00,Debit Card,Madrid
452181,91245,146.6,30/01/2023 17:00,Bank Transfer,Berlin
760328,90844,484.29,30/01/2023 18:00,Paypal,Paris
323612,53883,411.72,30/01/2023 19:00,Paypal,London
323788,15992,306.81,30/01/2023 20:00,Paypal,Madrid
653763,44982,464.13,30/01/2023 21:00,Paypal,Berlin
732430,13768,417.22,30/01/2023 22:00,Debit Card,Madrid
926255,44373,49.74,30/01/2023 23:00,Credit Card,Amsterdam
657616,50111,270.21,31/01/2023 00:00,Paypal,Amsterdam
818568,70501,452.75,31/01/2023 01:00,Paypal,Paris
447222,33838,425.67,31/01/2023 02:00,Debit Card,Madrid
785859,68549,383.95,31/01/2023 03:00,Debit Card,London
289767,20593,119.97,31/01/2023 04:00,Bank Transfer,Berlin
426362,32786,266.31,31/01/2023 05:00,Debit Card,Berlin
209483,86158,478.88,31/01/2023 06:00,Debit Card,Madrid
919590,57136,446.17,31/01/2023 07:00,Credit Card,Amsterdam
537555,11890,420.9,31/01/2023 08:00,Debit Card,Berlin
709572,12920,250.02,31/01/2023 09:00,Paypal,Paris
299176,76283,245.7,31/01/2023 10:00,Debit Card,Amsterdam
298613,22986,493.85,31/01/2023 11:00,Debit Card,Amsterdam
405116,50215,178.22,31/01/2023 12:00,Debit Card,Madrid
876453,14507,146.63,31/01/2023 13:00,Bank Transfer,Paris
179149,37892,124.62,31/01/2023 14:00,Debit Card,Madrid
465973,94683,92.93,31/01/2023 15:00,Bank Transfer,Amsterdam
314162,58529,63.41,31/01/2023 16:00,Credit Card,London
379195,65198,262.49,31/01/2023 17:00,Bank Transfer,London
800982,36629,402.42,31/01/2023 18:00,Credit Card,London
799668,11466,443.49,31/01/2023 19:00,Debit Card,London
111625,99635,120.25,31/01/2023 20:00,Paypal,Berlin
892585,30048,230.53,31/01/2023 21:00,Paypal,Madrid
829513,35917,266.63,31/01/2023 22:00,Paypal,Madrid
817021,12180,325.48,31/01/2023 23:00,Debit Card,Paris
625862,59349,314.96,01/02/2023 00:00,Bank Transfer,Amsterdam
177217,46938,96.51,01/02/2023 01:00,Paypal,Berlin
694883,17656,283.15,01/02/2023 02:00,Debit Card,Berlin
361070,39488,35.64,01/02/2023 03:00,Paypal,Amsterdam
260841,81227,326.09,01/02/2023 04:00,Bank Transfer,London
537234,76550,355.15,01/02/2023 05:00,Paypal,Berlin
323935,68848,407.22,01/02/2023 06:00,Debit Card,Amsterdam
349194,35560,139.14,01/02/2023 07:00,Paypal,Amsterdam
320628,45265,98.79,01/02/2023 08:00,Paypal,Paris
292352,92419,267.47,01/02/2023 09:00,Bank Transfer,Amsterdam
960314,86535,139.14,01/02/2023 10:00,Debit Card,Madrid
966855,89205,34.69,01/02/2023 11:00,Bank Transfer,London
595391,60425,453.45,01/02/2023 12:00,Paypal,Amsterdam
659468,53245,69.69,01/02/2023 13:00,Credit Card,London
540892,73831,148.5,01/02/2023 14:00,Credit Card,Madrid
978726,74290,130.51,01/02/2023 15:00,Credit Card,Madrid
927879,12394,219.58,01/02/2023 16:00,Credit Card,London
296589,70329,332.0,01/02/2023 17:00,Paypal,Paris
909662,97459,32.08,01/02/2023 18:00,Credit Card,Madrid
191284,36681,384.14,01/02/2023 19:00,Credit Card,Amsterdam
588400,41862,112.36,01/02/2023 20:00,Bank Transfer,Berlin
286713,44880,319.09,01/02/2023 21:00,Bank Transfer,London
572644,30534,317.23,01/02/2023 22:00,Bank Transfer,Madrid
352957,89027,27.04,01/02/2023 23:00,Debit Card,Paris
461750,73498,48.79,02/02/2023 00:00,Credit Card,London
303950,85286,310.56,02/02/2023 01:00,Credit Card,Madrid
237165,76799,412.17,02/02/2023 02:00,Paypal,Madrid
436283,41042,76.08,02/02/2023 03:00,Bank Transfer,Paris
804936,84390,481.51,02/02/2023 04:00,Paypal,Paris
586760,97253,253.31,02/02/2023 05:00,Paypal,Amsterdam
806683,24155,427.14,02/02/2023 06:00,Debit Card,London
866178,97506,35.83,02/02/2023 07:00,Paypal,London
952769,36552,270.17,02/02/2023 08:00,Debit Card,Paris
117172,21497,224.37,02/02/2023 09:00,Debit Card,London
626182,79265,229.89,02/02/2023 10:00,Credit Card,Berlin
659573,11387,229.74,02/02/2023 11:00,Bank Transfer,Madrid
866428,17559,381.73,02/02/2023 12:00,Bank Transfer,Madrid
743597,54346,438.54,02/02/2023 13:00,Paypal,Madrid
380548,28604,145.44,02/02/2023 14:00,Debit Card,Paris
835406,63906,309.8,02/02/2023 15:00,Bank Transfer,Paris
485887,51319,245.64,02/02/2023 16:00,Paypal,Amsterdam
852962,58215,356.55,02/02/2023 17:00,Paypal,Berlin
289934,71237,126.42,02/02/2023 18:00,Debit Card,London
729371,88057,150.65,02/02/2023 19:00,Bank Transfer,Madrid
137321,10661,76.91,02/02/2023 20:00,Debit Card,London
689700,55502,187.95,02/02/2023 21:00,Bank Transfer,Berlin
777027,63322,94.61,02/02/2023 22:00,Credit Card,Paris
947345,85564,481.33,02/02/2023 23:00,Bank Transfer,Berlin
345924,72932,294.77,03/02/2023 00:00,Debit Card,Amsterdam
887247,85925,148.85,03/02/2023 01:00,Debit Card,Amsterdam
150015,27784,350.84,03/02/2023 02:00,Debit Card,Paris
696974,41142,61.33,03/02/2023 03:00,Bank Transfer,Madrid
548560,93808,242.53,03/02/2023 04:00,Bank Transfer,Amsterdam
516803,43591,482.76,03/02/2023 05:00,Credit Card,Berlin
124407,32424,46.27,03/02/2023 06:00,Credit Card,Madrid
802538,81651,179.06,03/02/2023 07:00,Credit Card,London
526925,14277,331.41,03/02/2023 08:00,Credit Card,London
389605,60580,53.58,03/02/2023 09:00,Credit Card,Amsterdam
477309,67938,303.65,03/02/2023 10:00,Bank Transfer,Berlin
972589,79832,353.78,03/02/2023 11:00,Paypal,Amsterdam
706389,79748,414.52,03/02/2023 12:00,Paypal,London
322146,52785,438.16,03/02/2023 13:00,Debit Card,Amsterdam
833555,80530,450.87,03/02/2023 14:00,Debit Card,London
716285,17528,372.14,03/02/2023 15:00,Bank Transfer,Paris
266985,83961,27.22,03/02/2023 16:00,Paypal,Amsterdam
252223,19504,127.89,03/02/2023 17:00,Debit Card,Berlin
760380,12778,96.06,03/02/2023 18:00,Paypal,Berlin
851068,72702,231.76,03/02/2023 19:00,Debit Card,Berlin
125441,26542,12.64,03/02/2023 20:00,Paypal,Amsterdam
669895,84384,21.99,03/02/2023 21:00,Credit Card,Amsterdam
443859,29126,106.63,03/02/2023 22:00,Paypal,Paris
269600,55879,61.16,03/02/2023 23:00,Debit Card,Paris
186022,64386,354.03,04/02/2023 00:00,Debit Card,Paris
831029,17691,67.17,04/02/2023 01:00,Debit Card,Paris
525522,89014,52.29,04/02/2023 02:00,Paypal,Amsterdam
816693,30425,336.81,04/02/2023 03:00,Credit Card,London
588485,73243,308.4,04/02/2023 04:00,Paypal,Madrid
636434,52467,160.88,04/02/2023 05:00,Bank Transfer,London
760214,13397,211.29,04/02/2023 06:00,Credit Card,Berlin
537020,73680,260.65,04/02/2023 07:00,Paypal,Berlin
307706,90799,417.34,04/02/2023 08:00,Credit Card,Paris
213987,65917,446.21,04/02/2023 09:00,Credit Card,Amsterdam
906610,49335,375.97,04/02/2023 10:00,Bank Transfer,Amsterdam
925856,11717,301.8,04/02/2023 11:00,Paypal,London
944316,35866,49.76,04/02/2023 12:00,Paypal,Madrid
863074,11751,463.05,04/02/2023 13:00,Paypal,Madrid
127721,33211,321.83,04/02/2023 14:00,Bank Transfer,London
527269,56453,253.69,04/02/2023 15:00,Debit Card,Paris
507871,73308,371.93,04/02/2023 16:00,Debit Card,Amsterdam
917997,67434,130.16,04/02/2023 17:00,Credit Card,Paris
651497,94734,368.17,04/02/2023 18:00,Bank Transfer,Berlin
525285,44498,108.66,04/02/2023 19:00,Bank Transfer,London
317223,68498,155.24,04/02/2023 20:00,Bank Transfer,London
732311,90720,76.69,04/02/2023 21:00,Debit Card,Berlin
261236,81152,377.97,04/02/2023 22:00,Debit Card,Berlin
137192,40537,22.53,04/02/2023 23:00,Debit Card,Paris
162115,82728,164.69,05/02/2023 00:00,Credit Card,Berlin
860942,42447,489.26,05/02/2023 01:00,Paypal,Madrid
875556,61908,20.81,05/02/2023 02:00,Credit Card,Paris
605325,62981,436.51,05/02/2023 03:00,Credit Card,London
919268,15090,397.02,05/02/2023 04:00,Debit Card,Amsterdam
246288,83217,337.02,05/02/2023 05:00,Credit Card,Madrid
826967,76431,352.32,05/02/2023 06:00,Credit Card,Paris
482607,73566,120.06,05/02/2023 07:00,Paypal,London
740038,14491,218.56,05/02/2023 08:00,Credit Card,Amsterdam
699554,89343,256.59,05/02/2023 09:00,Debit Card,London
116521,90391,480.54,05/02/2023 10:00,Bank Transfer,London
802887,89586,123.78,05/02/2023 11:00,Debit Card,Berlin
594106,56564,377.28,05/02/2023 12:00,Bank Transfer,Madrid
209903,81222,288.53,05/02/2023 13:00,Debit Card,London
940089,64145,297.2,05/02/2023 14:00,Bank Transfer,Madrid
691967,26845,95.72,05/02/2023 15:00,Paypal,Amsterdam
329829,31209,457.26,05/02/2023 16:00,Credit Card,Berlin
521929,34601,206.77,05/02/2023 17:00,Paypal,Paris
502415,39752,306.54,05/02/2023 18:00,Bank Transfer,Paris
459155,87728,362.15,05/02/2023 19:00,Paypal,Amsterdam
735897,87633,298.03,05/02/2023 20:00,Paypal,Berlin
528125,40832,306.48,05/02/2023 21:00,Bank Transfer,Paris
268020,30855,276.93,05/02/2023 22:00,Debit Card,Berlin
882620,64099,99.15,05/02/2023 23:00,Paypal,Madrid
935125,97409,179.45,06/02/2023 00:00,Debit Card,Madrid
573227,98431,361.94,06/02/2023 01:00,Bank Transfer,Berlin
253396,91906,485.48,06/02/2023 02:00,Credit Card,Paris
434838,70087,37.91,06/02/2023 03:00,Paypal,London
523668,33340,424.21,06/02/2023 04:00,Credit Card,Berlin
363087,63744,343.31,06/02/2023 05:00,Credit Card,Paris
893818,35857,139.41,06/02/2023 06:00,Credit Card,London
321553,61624,153.61,06/02/2023 07:00,Paypal,Madrid
382345,50310,412.39,06/02/2023 08:00,Debit Card,Amsterdam
285419,85515,86.08,06/02/2023 09:00,Credit Card,Madrid
552308,80369,213.22,06/02/2023 10:00,Bank Transfer,Madrid
359418,93553,379.13,06/02/2023 11:00,Debit Card,Paris
543116,51007,218.13,06/02/2023 12:00,Paypal,Madrid
817742,21769,126.17,06/02/2023 13:00,Debit Card,London
516376,93931,389.09,06/02/2023 14:00,Debit Card,Madrid
680556,51839,383.77,06/02/2023 15:00,Bank Transfer,Berlin
180707,42728,401.89,06/02/2023 16:00,Paypal,Madrid
950125,88704,167.2,06/02/2023 17:00,Debit Card,Berlin
881966,61832,286.44,06/02/2023 18:00,Debit Card,Paris
600057,64376,202.28,06/02/2023 19:00,Bank Transfer,London
437204,75501,200.39,06/02/2023 20:00,Paypal,London
239745,36232,390.86,06/02/2023 21:00,Paypal,London
477589,45084,244.28,06/02/2023 22:00,Paypal,Paris
151291,59139,407.56,06/02/2023 23:00,Debit Card,Berlin
717871,90672,222.6,07/02/2023 00:00,Paypal,Amsterdam
235165,96037,442.78,07/02/2023 01:00,Debit Card,London
824501,86507,193.32,07/02/2023 02:00,Credit Card,Madrid
488812,23934,51.01,07/02/2023 03:00,Credit Card,London
175761,63004,290.69,07/02/2023 04:00,Bank Transfer,Berlin
730206,75506,479.71,07/02/2023 05:00,Bank Transfer,Paris
790773,24798,208.52,07/02/2023 06:00,Bank Transfer,Madrid
853653,21007,434.62,07/02/2023 07:00,Debit Card,Amsterdam
776014,14082,94.3,07/02/2023 08:00,Paypal,London
567971,65477,195.71,07/02/2023 09:00,Paypal,Paris
606934,87949,191.92,07/02/2023 10:00,Debit Card,London
573660,39498,272.6,07/02/2023 11:00,Paypal,Berlin
821174,95412,175.46,07/02/2023 12:00,Bank Transfer,London
536034,92378,283.88,07/02/2023 13:00,Debit Card,Amsterdam
801827,52234,37.98,07/02/2023 14:00,Debit Card,London
288444,58825,66.99,07/02/2023 15:00,Debit Card,Madrid
466766,87917,307.55,07/02/2023 16:00,Credit Card,Madrid
496331,59541,206.56,07/02/2023 17:00,Paypal,Madrid
584180,26869,411.83,07/02/2023 18:00,Debit Card,London
757432,60012,68.44,07/02/2023 19:00,Credit Card,Paris
148469,76493,442.51,07/02/2023 20:00,Paypal,Berlin
605637,43223,242.89,07/02/2023 21:00,Credit Card,Berlin
763342,88078,279.99,07/02/2023 22:00,Paypal,Paris
706178,11406,34.16,07/02/2023 23:00,Credit Card,Paris
635016,40234,472.23,08/02/2023 00:00,Paypal,Paris
497930,36993,70.48,08/02/2023 01:00,Bank Transfer,Madrid
269505,28558,33.27,08/02/2023 02:00,Bank Transfer,Paris
105483,89002,477.31,08/02/2023 03:00,Debit Card,Paris
109034,31704,46.09,08/02/2023 04:00,Credit Card,London
269227,62109,378.64,08/02/2023 05:00,Paypal,Madrid
433802,47406,222.75,08/02/2023 06:00,Debit Card,Paris
933716,81091,404.2,08/02/2023 07:00,Debit Card,Amsterdam
447416,69945,462.42,08/02/2023 08:00,Credit Card,London
575094,41589,443.22,08/02/2023 09:00,Bank Transfer,Berlin
636747,12545,106.7,08/02/2023 10:00,Bank Transfer,Paris
181698,85388,457.04,08/02/2023 11:00,Paypal,London
344206,18002,18.62,08/02/2023 12:00,Debit Card,Madrid
853129,96787,387.04,08/02/2023 13:00,Paypal,Madrid
617056,51437,87.3,08/02/2023 14:00,Paypal,Berlin
965972,13214,279.86,08/02/2023 15:00,Paypal,Madrid
330302,80879,330.84,08/02/2023 16:00,Credit Card,Madrid
903757,68734,330.45,08/02/2023 17:00,Credit Card,Amsterdam
348570,38362,232.57,08/02/2023 18:00,Credit Card,Berlin
505885,30292,213.65,08/02/2023 19:00,Bank Transfer,Amsterdam
310931,52272,185.0,08/02/2023 20:00,Credit Card,Berlin
300027,34306,176.14,08/02/2023 21:00,Credit Card,Amsterdam
448570,34219,239.34,08/02/2023 22:00,Bank Transfer,Paris
616183,65290,465.75,08/02/2023 23:00,Debit Card,Berlin
268335,16166,214.84,09/02/2023 00:00,Credit Card,Paris
294436,39119,258.89,09/02/2023 01:00,Debit Card,Berlin
675743,64244,461.26,09/02/2023 02:00,Bank Transfer,Berlin
623264,77736,147.27,09/02/2023 03:00,Bank Transfer,Madrid
642228,73264,392.19,09/02/2023 04:00,Paypal,Madrid
160049,68083,373.33,09/02/2023 05:00,Paypal,Madrid
472002,10572,390.53,09/02/2023 06:00,Debit Card,London
643442,34466,429.33,09/02/2023 07:00,Paypal,Paris
219576,29967,182.43,09/02/2023 08:00,Paypal,Paris
818626,28999,71.83,09/02/2023 09:00,Paypal,London
442408,88695,51.63,09/02/2023 10:00,Bank Transfer,Berlin
884434,32560,79.35,09/02/2023 11:00,Bank Transfer,Madrid
810904,94645,171.08,09/02/2023 12:00,Bank Transfer,Amsterdam
106145,94157,451.46,09/02/2023 13:00,Bank Transfer,Amsterdam
214163,89672,267.88,09/02/2023 14:00,Debit Card,Amsterdam
438677,85133,59.12,09/02/2023 15:00,Debit Card,Amsterdam
341981,78780,279.59,09/02/2023 16:00,Bank Transfer,Berlin
278049,11619,292.96,09/02/2023 17:00,Bank Transfer,Berlin
304169,40530,367.05,09/02/2023 18:00,Debit Card,Paris
246369,67482,231.69,09/02/2023 19:00,Debit Card,London
542660,91323,167.07,09/02/2023 20:00,Bank Transfer,London
128749,82267,290.0,09/02/2023 21:00,Debit Card,London
909991,59355,200.01,09/02/2023 22:00,Bank Transfer,Paris
912987,55748,268.6,09/02/2023 23:00,Bank Transfer,Berlin
334463,52528,209.47,10/02/2023 00:00,Debit Card,Paris
637783,23967,225.82,10/02/2023 01:00,Paypal,Amsterdam
639317,18182,72.29,10/02/2023 02:00,Credit Card,Berlin
222047,58344,461.62,10/02/2023 03:00,Bank Transfer,Paris
119975,55963,66.1,10/02/2023 04:00,Paypal,London
633989,24828,416.08,10/02/2023 05:00,Debit Card,Berlin
331279,79781,344.67,10/02/2023 06:00,Debit Card,London
949714,73886,341.19,10/02/2023 07:00,Bank Transfer,Amsterdam
864802,32868,155.23,10/02/2023 08:00,Bank Transfer,Amsterdam
609677,44076,321.28,10/02/2023 09:00,Bank Transfer,London
703184,38977,104.71,10/02/2023 10:00,Bank Transfer,Berlin
900333,12969,287.16,10/02/2023 11:00,Paypal,Madrid
767807,43477,197.17,10/02/2023 12:00,Credit Card,Berlin
816944,89063,229.13,10/02/2023 13:00,Bank Transfer,Berlin
417258,12517,140.57,10/02/2023 14:00,Paypal,Paris
421937,63567,38.62,10/02/2023 15:00,Credit Card,Paris
853013,90132,372.74,10/02/2023 16:00,Paypal,Paris
437316,58319,326.66,10/02/2023 17:00,Credit Card,Paris
396488,65415,217.22,10/02/2023 18:00,Paypal,Amsterdam
758729,72660,45.95,10/02/2023 19:00,Credit Card,Berlin
957840,61222,365.92,10/02/2023 20:00,Bank Transfer,Amsterdam
836988,33383,326.36,10/02/2023 21:00,Debit Card,Amsterdam
290940,80510,327.15,10/02/2023 22:00,Credit Card,London
971235,68905,215.92,10/02/2023 23:00,Debit Card,Berlin
347728,96868,464.15,11/02/2023 00:00,Credit Card,Paris
716924,61453,415.13,11/02/2023 01:00,Paypal,Madrid
601175,97256,424.12,11/02/2023 02:00,Debit Card,Amsterdam
103718,12933,453.34,11/02/2023 03:00,Bank Transfer,Paris
760664,38463,310.41,11/02/2023 04:00,Credit Card,Madrid
704968,65766,448.14,11/02/2023 05:00,Bank Transfer,Berlin
672411,21238,42.36,11/02/2023 06:00,Credit Card,Berlin
824580,90412,252.32,11/02/2023 07:00,Paypal,Amsterdam
944453,25997,436.67,11/02/2023 08:00,Debit Card,Berlin
698206,75076,165.35,11/02/2023 09:00,Paypal,London
711331,30786,463.09,11/02/2023 10:00,Bank Transfer,Madrid
941904,71932,424.31,11/02/2023 11:00,Paypal,London
503685,85587,70.98,11/02/2023 12:00,Paypal,London
149219,28872,412.06,11/02/2023 13:00,Paypal,Paris
737404,98218,425.33,11/02/2023 14:00,Debit Card,Paris
319234,22167,56.4,11/02/2023 15:00,Paypal,Amsterdam
