InvoiceNo,StockCode,Description,Quantity,InvoiceDate,UnitPrice,CustomerID,Country
421729,65004,Product E,2,01/01/2023 00:00,36.33,60115,United Kingdom
640169,83015,Product C,14,01/01/2023 01:00,39.01,47242,Spain
727685,28289,Product E,17,01/01/2023 02:00,92.66,35852,Spain
188312,34353,Product C,19,01/01/2023 03:00,96.2,45586,Netherlands
129530,85841,Product E,4,01/01/2023 04:00,18.13,98980,Germany
726560,41830,Product A,7,01/01/2023 05:00,85.67,90563,France
654295,21180,Product D,15,01/01/2023 06:00,88.22,20880,France
274541,84245,Product B,3,01/01/2023 07:00,29.4,12712,Spain
337222,53698,Product D,19,01/01/2023 08:00,87.42,94562,France
447118,80476,Product C,1,01/01/2023 09:00,42.73,21474,France
319207,24843,Product C,1,01/01/2023 10:00,65.11,33593,France
794981,54905,Product C,12,01/01/2023 11:00,64.35,46096,United Kingdom
700610,87824,Product A,16,01/01/2023 12:00,13.29,11411,United Kingdom
275571,56962,Product A,1,01/01/2023 13:00,70.95,99043,United Kingdom
901969,29942,Product D,11,01/01/2023 14:00,50.79,39173,France
108040,54417,Product B,1,01/01/2023 15:00,28.83,56880,Spain
418953,46700,Product A,16,01/01/2023 16:00,16.33,90752,United Kingdom
824197,66850,Product A,1,01/01/2023 17:00,9.92,51051,Spain
400068,97811,Product D,3,01/01/2023 18:00,92.68,86503,France
878342,39867,Product B,16,01/01/2023 19:00,73.39,93019,Spain
992848,76230,Product D,3,01/01/2023 20:00,25.54,18337,United Kingdom
465212,87398,Product C,16,01/01/2023 21:00,46.28,18279,Netherlands
796646,52290,Product B,15,01/01/2023 22:00,51.03,24918,Germany
778496,40921,Product E,3,01/01/2023 23:00,18.45,82758,France
184682,91778,Product E,15,02/01/2023 00:00,74.86,13170,Germany
781213,84331,Product C,11,02/01/2023 01:00,58.08,81256,France
204442,88638,Product D,19,02/01/2023 02:00,56.34,27152,United Kingdom
299276,73694,Product D,4,02/01/2023 03:00,18.97,79480,Germany
785677,15177,Product B,15,02/01/2023 04:00,63.75,67724,Netherlands
671630,56772,Product B,2,02/01/2023 05:00,35.53,40589,Germany
353608,78089,Product C,14,02/01/2023 06:00,82.57,71954,United Kingdom
834315,63660,Product C,19,02/01/2023 07:00,80.41,11919,Netherlands
699370,42686,Product A,19,02/01/2023 08:00,13.68,18887,Netherlands
335716,38466,Product D,10,02/01/2023 09:00,81.01,81390,Germany
283010,69430,Product C,11,02/01/2023 10:00,84.38,72209,France
931104,64312,Product E,18,02/01/2023 11:00,5.69,78575,Germany
256760,69338,Product D,3,02/01/2023 12:00,58.02,66076,France
707835,14357,Product C,6,02/01/2023 13:00,10.24,81674,Germany
352265,66056,Product A,12,02/01/2023 14:00,71.1,76206,Netherlands
836725,92861,Product D,8,02/01/2023 15:00,27.49,45980,Germany
664434,52394,Product D,11,02/01/2023 16:00,23.8,50457,Spain
543287,81189,Product C,15,02/01/2023 17:00,25.31,52776,France
266431,49169,Product E,16,02/01/2023 18:00,78.94,54639,Germany
460129,71483,Product B,11,02/01/2023 19:00,18.47,58692,United Kingdom
137776,67086,Product B,13,02/01/2023 20:00,79.3,11087,France
127118,23564,Product C,15,02/01/2023 21:00,25.15,64133,Netherlands
754623,70881,Product A,14,02/01/2023 22:00,13.01,21766,Spain
936371,25506,Product B,9,02/01/2023 23:00,10.41,30343,Germany
959484,39828,Product E,2,03/01/2023 00:00,39.74,66418,Netherlands
530269,11020,Product C,4,03/01/2023 01:00,40.8,35875,Spain
482122,62510,Product B,1,03/01/2023 02:00,49.18,87696,Spain
765960,74636,Product E,5,03/01/2023 03:00,79.67,57369,France
771189,27601,Product A,19,03/01/2023 04:00,15.29,64541,Spain
984533,79943,Product A,2,03/01/2023 05:00,76.74,26427,Germany
621198,29515,Product C,10,03/01/2023 06:00,31.57,32947,France
299412,38537,Product D,7,03/01/2023 07:00,71.21,36803,Germany
616373,21970,Product B,1,03/01/2023 08:00,77.4,81573,United Kingdom
828411,10490,Product A,12,03/01/2023 09:00,81.92,66214,France
723898,77855,Product C,19,03/01/2023 10:00,14.46,75845,Spain
399848,17385,Product A,11,03/01/2023 11:00,40.36,97701,Netherlands
391836,89723,Product B,8,03/01/2023 12:00,78.01,21686,France
124013,34100,Product D,9,03/01/2023 13:00,60.76,88369,Germany
992402,18104,Product D,6,03/01/2023 14:00,91.0,81987,Netherlands
507861,99542,Product A,10,03/01/2023 15:00,17.28,80800,Spain
924401,27035,Product E,7,03/01/2023 16:00,13.81,94788,Spain
871036,83148,Product E,3,03/01/2023 17:00,19.84,97322,Germany
699831,54389,Product C,11,03/01/2023 18:00,78.55,88260,France
522616,32792,Product D,12,03/01/2023 19:00,93.07,29093,Spain
903419,75555,Product D,17,03/01/2023 20:00,31.56,79843,United Kingdom
369099,89844,Product C,14,03/01/2023 21:00,45.77,68741,Netherlands
701443,65605,Product E,3,03/01/2023 22:00,99.22,21824,Spain
153968,43897,Product E,12,03/01/2023 23:00,49.69,41125,France
175638,80042,Product B,12,04/01/2023 00:00,38.9,10425,Germany
608004,77095,Product D,4,04/01/2023 01:00,19.45,28884,Netherlands
660163,53035,Product E,3,04/01/2023 02:00,72.08,33529,Spain
163777,63581,Product B,16,04/01/2023 03:00,95.02,31302,Germany
821514,72157,Product E,15,04/01/2023 04:00,20.83,45964,Germany
437675,66582,Product D,17,04/01/2023 05:00,43.7,19469,United Kingdom
591160,71925,Product A,2,04/01/2023 06:00,79.21,13308,United Kingdom
620939,30305,Product D,8,04/01/2023 07:00,71.98,72861,United Kingdom
675545,72871,Product A,18,04/01/2023 08:00,47.42,86537,Germany
211720,58115,Product E,13,04/01/2023 09:00,27.66,92151,United Kingdom
217878,61796,Product B,7,04/01/2023 10:00,8.27,10816,Spain
815694,60763,Product C,10,04/01/2023 11:00,77.97,28439,France
648771,29165,Product C,9,04/01/2023 12:00,74.69,41548,Spain
663886,53906,Product B,4,04/01/2023 13:00,84.5,55252,Netherlands
175797,91468,Product A,1,04/01/2023 14:00,85.59,35920,Spain
165626,67056,Product E,17,04/01/2023 15:00,53.14,88025,France
340909,38442,Product B,4,04/01/2023 16:00,14.7,95802,France
112148,15113,Product A,19,04/01/2023 17:00,49.07,74006,Germany
116021,35625,Product D,7,04/01/2023 18:00,32.82,23295,France
983259,83864,Product E,15,04/01/2023 19:00,70.52,39567,Germany
206127,70662,Product B,1,04/01/2023 20:00,30.68,91164,Spain
741555,92540,Product B,18,04/01/2023 21:00,88.48,87787,United Kingdom
358267,47610,Product A,15,04/01/2023 22:00,41.87,37602,Germany
110481,33038,Product D,5,04/01/2023 23:00,1.18,48901,Spain
204792,42851,Product B,4,05/01/2023 00:00,23.97,28256,United Kingdom
413410,17363,Product B,18,05/01/2023 01:00,94.9,83019,France
535801,13816,Product D,12,05/01/2023 02:00,74.38,64719,France
713546,88924,Product C,16,05/01/2023 03:00,99.42,29315,Spain
175924,61675,Product D,15,05/01/2023 04:00,34.29,29660,Netherlands
140652,17703,Product A,2,05/01/2023 05:00,75.02,85118,Spain
534414,13078,Product B,1,05/01/2023 06:00,51.37,32192,Netherlands
710328,89699,Product D,11,05/01/2023 07:00,22.27,34390,United Kingdom
971498,13127,Product C,15,05/01/2023 08:00,3.45,10421,United Kingdom
628034,30062,Product A,14,05/01/2023 09:00,98.7,97936,Netherlands
174738,99036,Product D,15,05/01/2023 10:00,93.19,38060,Germany
364417,40490,Product D,19,05/01/2023 11:00,86.43,11207,France
945800,87285,Product E,19,05/01/2023 12:00,20.65,90746,France
422543,63368,Product E,14,05/01/2023 13:00,95.38,17204,France
936645,52184,Product B,16,05/01/2023 14:00,82.71,65234,France
400679,51125,Product B,8,05/01/2023 15:00,8.06,85643,Germany
751496,57411,Product A,6,05/01/2023 16:00,76.1,52845,United Kingdom
252769,94753,Product C,12,05/01/2023 17:00,82.53,42308,Germany
385579,87478,Product E,9,05/01/2023 18:00,37.17,87242,Germany
740197,17155,Product A,3,05/01/2023 19:00,58.89,33503,France
603117,82675,Product A,19,05/01/2023 20:00,66.12,80318,Germany
599695,30620,Product B,17,05/01/2023 21:00,75.39,37667,Netherlands
232116,75900,Product B,17,05/01/2023 22:00,74.18,20430,United Kingdom
100771,74097,Product E,12,05/01/2023 23:00,13.09,63919,Germany
142754,79863,Product C,11,06/01/2023 00:00,72.74,12162,Netherlands
940914,28192,Product B,19,06/01/2023 01:00,57.8,46967,United Kingdom
322556,75721,Product E,1,06/01/2023 02:00,11.65,61967,Germany
285313,58693,Product B,4,06/01/2023 03:00,31.56,20751,Spain
378720,92121,Product C,14,06/01/2023 04:00,81.46,17382,Germany
707068,64963,Product A,3,06/01/2023 05:00,12.55,95378,United Kingdom
793323,80036,Product A,16,06/01/2023 06:00,78.46,11224,Germany
974649,58212,Product E,11,06/01/2023 07:00,36.55,97067,Spain
690006,11865,Product D,9,06/01/2023 08:00,69.39,28840,Germany
966266,15503,Product D,1,06/01/2023 09:00,37.96,10670,United Kingdom
654332,31896,Product A,16,06/01/2023 10:00,79.93,69629,Spain
268072,80869,Product E,12,06/01/2023 11:00,3.92,64174,United Kingdom
153259,76473,Product E,17,06/01/2023 12:00,60.27,17166,Germany
510715,25839,Product B,15,06/01/2023 13:00,95.1,14007,Netherlands
773342,68705,Product C,4,06/01/2023 14:00,90.58,17183,United Kingdom
163646,11652,Product B,19,06/01/2023 15:00,38.74,19084,Spain
632140,22269,Product A,6,06/01/2023 16:00,44.88,12968,Spain
741324,41233,Product C,2,06/01/2023 17:00,89.16,90393,France
621974,65855,Product E,12,06/01/2023 18:00,48.22,56671,United Kingdom
308451,75032,Product C,19,06/01/2023 19:00,76.04,12900,United Kingdom
396237,47474,Product B,7,06/01/2023 20:00,95.28,38345,United Kingdom
790065,28823,Product B,19,06/01/2023 21:00,80.37,14317,France
502606,11791,Product B,7,06/01/2023 22:00,95.83,69871,Germany
218061,79701,Product D,10,06/01/2023 23:00,55.3,61292,United Kingdom
449254,68103,Product D,14,07/01/2023 00:00,83.82,15280,Netherlands
110471,17631,Product B,13,07/01/2023 01:00,78.66,51270,Germany
237920,34295,Product B,17,07/01/2023 02:00,81.83,46291,Germany
827542,68255,Product B,9,07/01/2023 03:00,66.51,57854,Netherlands
245472,64362,Product C,8,07/01/2023 04:00,65.41,90981,Spain
624769,18628,Product E,6,07/01/2023 05:00,83.76,26503,Spain
375134,87050,Product D,12,07/01/2023 06:00,64.06,81896,Germany
377804,50286,Product B,15,07/01/2023 07:00,20.55,14472,United Kingdom
871113,88506,Product A,13,07/01/2023 08:00,19.12,58057,France
781448,45094,Product B,6,07/01/2023 09:00,46.96,46366,Germany
480135,21304,Product B,12,07/01/2023 10:00,89.89,26022,Germany
719073,91846,Product C,12,07/01/2023 11:00,63.67,46186,Netherlands
638985,27412,Product E,4,07/01/2023 12:00,18.79,58886,France
401864,43833,Product B,10,07/01/2023 13:00,73.47,70203,United Kingdom
134075,90283,Product B,18,07/01/2023 14:00,23.62,75635,Netherlands
163993,43151,Product A,10,07/01/2023 15:00,10.69,42596,Spain
990160,17608,Product A,15,07/01/2023 16:00,52.49,77983,Netherlands
702454,11675,Product C,11,07/01/2023 17:00,95.87,21076,United Kingdom
321090,47147,Product D,1,07/01/2023 18:00,91.97,37892,Spain
478792,69394,Product B,18,07/01/2023 19:00,39.56,44955,Germany
659068,85676,Product C,18,07/01/2023 20:00,80.3,73608,Germany
731098,75412,Product C,14,07/01/2023 21:00,2.31,97234,Netherlands
352583,98384,Product E,6,07/01/2023 22:00,66.09,18001,Spain
131568,76966,Product B,5,07/01/2023 23:00,75.88,46117,France
430696,97325,Product D,5,08/01/2023 00:00,19.79,11848,United Kingdom
955842,89939,Product C,11,08/01/2023 01:00,3.42,62164,Germany
753480,32503,Product A,3,08/01/2023 02:00,97.54,80197,Germany
706370,73213,Product E,14,08/01/2023 03:00,92.47,24069,Netherlands
802191,25985,Product E,5,08/01/2023 04:00,93.28,20366,Spain
189207,80211,Product B,15,08/01/2023 05:00,21.14,45492,Germany
952585,23924,Product E,16,08/01/2023 06:00,23.84,72779,Netherlands
438289,45505,Product A,16,08/01/2023 07:00,4.89,37909,United Kingdom
987170,46823,Product E,2,08/01/2023 08:00,67.64,65079,France
456738,49203,Product D,11,08/01/2023 09:00,4.2,87579,Spain
829363,82300,Product A,5,08/01/2023 10:00,49.34,90710,United Kingdom
886350,60396,Product B,5,08/01/2023 11:00,31.29,84512,France
387261,49667,Product A,6,08/01/2023 12:00,45.98,57227,Netherlands
738684,46001,Product E,14,08/01/2023 13:00,98.86,77472,Spain
271024,23360,Product B,16,08/01/2023 14:00,28.4,76097,United Kingdom
679850,70043,Product C,3,08/01/2023 15:00,44.25,91019,Spain
316382,92103,Product D,8,08/01/2023 16:00,96.18,86277,United Kingdom
380868,10473,Product D,16,08/01/2023 17:00,71.67,71773,United Kingdom
474706,55662,Product D,13,08/01/2023 18:00,80.49,35698,Germany
101948,19416,Product C,12,08/01/2023 19:00,14.14,86310,Spain
461857,35348,Product A,1,08/01/2023 20:00,64.36,33563,Spain
577354,44689,Product D,16,08/01/2023 21:00,82.82,77155,Germany
835876,94468,Product C,15,08/01/2023 22:00,74.25,68457,Spain
973858,27907,Product C,11,08/01/2023 23:00,48.44,33893,France
216352,96553,Product A,17,09/01/2023 00:00,50.62,76223,Germany
855481,43084,Product B,16,09/01/2023 01:00,65.89,51103,Netherlands
465534,39444,Product B,5,09/01/2023 02:00,3.88,45293,United Kingdom
863111,53133,Product B,16,09/01/2023 03:00,85.13,47654,France
112737,12613,Product B,12,09/01/2023 04:00,27.28,56963,Netherlands
804077,21591,Product C,19,09/01/2023 05:00,14.5,47052,France
957836,15891,Product D,5,09/01/2023 06:00,55.67,84682,France
439127,80125,Product B,15,09/01/2023 07:00,61.3,55986,Netherlands
342408,24578,Product C,14,09/01/2023 08:00,23.82,69536,United Kingdom
483465,50242,Product E,12,09/01/2023 09:00,63.33,47796,France
467072,61469,Product E,1,09/01/2023 10:00,90.38,80644,France
342173,14760,Product E,5,09/01/2023 11:00,80.8,29406,United Kingdom
223330,97276,Product A,12,09/01/2023 12:00,71.16,61671,United Kingdom
811938,52982,Product D,9,09/01/2023 13:00,89.76,83452,United Kingdom
765714,22756,Product A,11,09/01/2023 14:00,70.16,21410,Netherlands
751856,61107,Product A,12,09/01/2023 15:00,9.04,14862,United Kingdom
423656,55323,Product A,8,09/01/2023 16:00,89.63,86755,Germany
805795,53197,Product B,6,09/01/2023 17:00,62.0,97000,France
444902,37477,Product A,3,09/01/2023 18:00,10.31,61538,Netherlands
973728,12459,Product A,7,09/01/2023 19:00,37.21,20216,United Kingdom
791523,32001,Product E,7,09/01/2023 20:00,52.22,41008,France
962007,65376,Product C,11,09/01/2023 21:00,69.41,53915,United Kingdom
760342,27313,Product D,8,09/01/2023 22:00,54.12,15513,Germany
974151,88992,Product B,11,09/01/2023 23:00,86.02,93368,Germany
620997,37335,Product E,11,10/01/2023 00:00,48.14,49257,Germany
330955,20616,Product C,19,10/01/2023 01:00,19.68,60859,France
777801,53352,Product B,2,10/01/2023 02:00,84.41,69249,United Kingdom
812234,52821,Product B,5,10/01/2023 03:00,65.25,65716,United Kingdom
304634,97950,Product B,5,10/01/2023 04:00,23.33,48354,Spain
236296,69199,Product C,16,10/01/2023 05:00,62.05,30637,Germany
602974,45140,Product B,16,10/01/2023 06:00,67.45,55343,France
523257,31817,Product B,16,10/01/2023 07:00,43.4,99091,Spain
867491,40822,Product C,17,10/01/2023 08:00,53.31,43310,United Kingdom
249296,81954,Product C,7,10/01/2023 09:00,13.56,96529,Germany
656443,54257,Product C,12,10/01/2023 10:00,56.9,44543,Netherlands
652698,71823,Product B,11,10/01/2023 11:00,36.06,10562,Germany
321951,62608,Product A,8,10/01/2023 12:00,39.67,23853,France
364781,25979,Product D,18,10/01/2023 13:00,6.47,47110,Germany
399324,83188,Product E,18,10/01/2023 14:00,97.12,46066,France
251490,44808,Product E,15,10/01/2023 15:00,75.15,76576,Spain
183047,97091,Product B,5,10/01/2023 16:00,9.5,88512,Netherlands
756023,70425,Product D,5,10/01/2023 17:00,76.66,70260,Spain
510368,79366,Product B,4,10/01/2023 18:00,27.0,40642,United Kingdom
163115,84347,Product D,1,10/01/2023 19:00,95.56,23461,Spain
454565,12196,Product E,15,10/01/2023 20:00,91.01,68073,France
971379,56765,Product D,10,10/01/2023 21:00,47.18,76919,Spain
733714,55312,Product E,13,10/01/2023 22:00,58.87,25117,Netherlands
368720,86661,Product D,10,10/01/2023 23:00,64.87,43525,France
560105,99085,Product B,9,11/01/2023 00:00,48.13,62248,Netherlands
609885,41280,Product B,18,11/01/2023 01:00,3.66,92957,France
585783,47496,Product D,14,11/01/2023 02:00,78.62,96265,Germany
674408,38188,Product C,3,11/01/2023 03:00,5.73,15216,United Kingdom
755631,16781,Product A,8,11/01/2023 04:00,85.25,96090,France
735465,72391,Product E,9,11/01/2023 05:00,15.63,44746,Spain
267813,40631,Product C,14,11/01/2023 06:00,11.7,42379,Germany
651781,46778,Product D,1,11/01/2023 07:00,24.78,25742,Netherlands
501010,70222,Product A,4,11/01/2023 08:00,28.87,78802,Netherlands
322032,16496,Product D,4,11/01/2023 09:00,30.63,27192,Spain
942425,88161,Product B,3,11/01/2023 10:00,18.8,32098,Netherlands
501930,19648,Product E,1,11/01/2023 11:00,14.9,10848,United Kingdom
561630,75362,Product E,2,11/01/2023 12:00,45.13,44204,United Kingdom
552343,34711,Product B,10,11/01/2023 13:00,88.71,69864,Netherlands
218837,63802,Product C,14,11/01/2023 14:00,92.73,70766,Germany
161549,25507,Product D,15,11/01/2023 15:00,74.28,55423,France
959295,11797,Product D,12,11/01/2023 16:00,36.41,65876,Spain
968883,51244,Product E,2,11/01/2023 17:00,60.44,36607,Germany
950719,58777,Product D,2,11/01/2023 18:00,57.06,75075,Netherlands
668291,73266,Product A,16,11/01/2023 19:00,17.31,49321,United Kingdom
422208,16865,Product A,17,11/01/2023 20:00,38.21,43125,Spain
211422,52201,Product E,2,11/01/2023 21:00,70.38,67620,France
933673,54536,Product B,9,11/01/2023 22:00,41.03,46642,United Kingdom
101022,87758,Product E,9,11/01/2023 23:00,74.18,29210,Germany
848167,93641,Product A,17,12/01/2023 00:00,10.34,18879,France
668665,50396,Product D,19,12/01/2023 01:00,87.1,11080,Netherlands
613239,58157,Product C,10,12/01/2023 02:00,85.96,18598,France
756754,73033,Product A,15,12/01/2023 03:00,65.59,31900,Netherlands
654168,98175,Product A,6,12/01/2023 04:00,64.1,92974,United Kingdom
335351,24535,Product B,7,12/01/2023 05:00,90.7,70401,Netherlands
600516,50005,Product E,3,12/01/2023 06:00,9.12,74923,France
618071,28709,Product E,17,12/01/2023 07:00,70.11,80503,Spain
847258,41742,Product A,12,12/01/2023 08:00,74.3,19415,France
130634,29201,Product E,8,12/01/2023 09:00,5.74,65397,France
710246,28110,Product E,1,12/01/2023 10:00,58.26,89152,Germany
107685,49940,Product E,6,12/01/2023 11:00,17.38,24340,Spain
438732,11968,Product D,16,12/01/2023 12:00,38.37,98786,United Kingdom
205713,77426,Product B,15,12/01/2023 13:00,16.53,37909,Germany
265373,48771,Product E,16,12/01/2023 14:00,39.84,57300,Netherlands
713885,71355,Product B,1,12/01/2023 15:00,11.42,32148,France
472421,73645,Product B,16,12/01/2023 16:00,27.81,12905,France
506319,47638,Product B,5,12/01/2023 17:00,50.11,73260,France
705404,30022,Product A,4,12/01/2023 18:00,96.82,24876,Spain
930854,94949,Product A,15,12/01/2023 19:00,93.26,59388,Netherlands
550757,99246,Product B,17,12/01/2023 20:00,46.04,87812,United Kingdom
857872,73422,Product D,1,12/01/2023 21:00,75.11,37061,Germany
376434,65731,Product A,16,12/01/2023 22:00,63.83,20812,Spain
352744,61596,Product B,17,12/01/2023 23:00,9.6,58419,France
732448,55271,Product E,7,13/01/2023 00:00,33.37,66872,United Kingdom
839755,49934,Product C,6,13/01/2023 01:00,89.13,83620,United Kingdom
746884,13962,Product E,6,13/01/2023 02:00,87.89,35756,France
252867,47713,Product C,10,13/01/2023 03:00,68.76,88344,United Kingdom
245978,83710,Product E,8,13/01/2023 04:00,4.39,54320,Spain
656804,43820,Product D,14,13/01/2023 05:00,90.21,13611,Spain
693719,50451,Product A,19,13/01/2023 06:00,2.69,79059,Germany
900392,42372,Product D,7,13/01/2023 07:00,10.74,85179,Spain
518601,52691,Product A,16,13/01/2023 08:00,77.97,82971,Netherlands
673821,36140,Product C,5,13/01/2023 09:00,1.44,67853,France
783896,27167,Product A,6,13/01/2023 10:00,16.09,22611,France
561105,53276,Product A,10,13/01/2023 11:00,19.15,18386,France
254075,65126,Product E,14,13/01/2023 12:00,58.41,23407,United Kingdom
886441,39510,Product D,1,13/01/2023 13:00,64.88,29044,Netherlands
298027,70589,Product A,17,13/01/2023 14:00,76.57,91037,Netherlands
418385,27575,Product B,3,13/01/2023 15:00,27.84,87657,United Kingdom
372754,96425,Product C,2,13/01/2023 16:00,28.54,47064,Spain
775976,93194,Product D,2,13/01/2023 17:00,52.75,28177,Germany
492878,95998,Product B,15,13/01/2023 18:00,96.26,87025,Netherlands
503708,21087,Product C,13,13/01/2023 19:00,42.78,67631,Netherlands
642546,19857,Product C,13,13/01/2023 20:00,50.02,81398,Germany
228736,95969,Product C,8,13/01/2023 21:00,23.53,39828,France
286793,41676,Product E,1,13/01/2023 22:00,41.73,37114,Spain
520836,36370,Product E,15,13/01/2023 23:00,92.98,25949,Germany
952673,64202,Product A,7,14/01/2023 00:00,66.92,68126,Germany
254430,29312,Product C,18,14/01/2023 01:00,22.99,54222,Germany
494573,40229,Product C,1,14/01/2023 02:00,76.96,91231,Spain
514480,58677,Product B,5,14/01/2023 03:00,99.77,87080,France
555940,30733,Product A,14,14/01/2023 04:00,83.23,19064,United Kingdom
595990,61680,Product E,10,14/01/2023 05:00,7.96,68278,Spain
998783,60074,Product D,14,14/01/2023 06:00,73.66,61278,Germany
982084,21566,Product E,19,14/01/2023 07:00,99.8,73943,Spain
670960,98033,Product A,18,14/01/2023 08:00,81.97,57266,Spain
941770,77824,Product B,2,14/01/2023 09:00,31.43,66378,France
380818,94677,Product D,12,14/01/2023 10:00,58.45,69318,France
254217,27662,Product C,13,14/01/2023 11:00,25.81,34084,Netherlands
690526,25424,Product A,13,14/01/2023 12:00,22.06,17113,Netherlands
377486,65446,Product D,6,14/01/2023 13:00,99.66,56445,United Kingdom
265925,66286,Product C,12,14/01/2023 14:00,34.34,60603,France
149715,39425,Product A,17,14/01/2023 15:00,99.12,53843,Spain
469514,59515,Product E,2,14/01/2023 16:00,9.2,53193,Spain
167112,76960,Product A,6,14/01/2023 17:00,34.29,34613,France
152341,77357,Product D,2,14/01/2023 18:00,83.36,83127,Spain
766370,21892,Product A,13,14/01/2023 19:00,51.63,32182,Spain
368967,99385,Product B,14,14/01/2023 20:00,90.84,39770,Spain
968151,71889,Product D,4,14/01/2023 21:00,86.14,22252,United Kingdom
168041,33251,Product B,14,14/01/2023 22:00,19.15,83869,Spain
106745,92236,Product D,3,14/01/2023 23:00,17.22,61615,United Kingdom
771964,73603,Product D,19,15/01/2023 00:00,55.18,98706,Spain
269644,23311,Product E,15,15/01/2023 01:00,48.58,47696,Netherlands
172753,95542,Product B,5,15/01/2023 02:00,87.33,28543,Spain
557547,82009,Product E,18,15/01/2023 03:00,7.0,76940,United Kingdom
121242,32973,Product D,18,15/01/2023 04:00,86.28,43768,United Kingdom
119663,44311,Product C,9,15/01/2023 05:00,43.58,34422,Germany
662119,93711,Product A,11,15/01/2023 06:00,54.88,31711,Germany
698522,18656,Product E,3,15/01/2023 07:00,95.89,71050,Spain
525742,92348,Product A,18,15/01/2023 08:00,72.83,54686,France
253927,81580,Product E,2,15/01/2023 09:00,99.24,13598,Germany
574774,11403,Product A,14,15/01/2023 10:00,1.54,75948,United Kingdom
269849,29967,Product C,19,15/01/2023 11:00,54.46,68002,Spain
272273,53175,Product B,16,15/01/2023 12:00,49.42,74342,United Kingdom
306339,94420,Product C,6,15/01/2023 13:00,60.76,43116,Germany
698542,76694,Product B,7,15/01/2023 14:00,69.79,33860,Spain
809368,43475,Product A,19,15/01/2023 15:00,70.85,90805,Germany
616502,90480,Product C,10,15/01/2023 16:00,30.25,28691,Spain
592541,49896,Product B,17,15/01/2023 17:00,56.91,45785,France
520766,78319,Product E,4,15/01/2023 18:00,56.21,49893,France
627853,87966,Product A,4,15/01/2023 19:00,4.79,93467,France
221316,10625,Product A,16,15/01/2023 20:00,43.48,74835,United Kingdom
554562,75347,Product A,6,15/01/2023 21:00,80.62,14319,Germany
461890,92998,Product D,13,15/01/2023 22:00,95.6,44448,Germany
305775,60423,Product C,6,15/01/2023 23:00,70.11,70427,Germany
513934,56403,Product D,10,16/01/2023 00:00,85.89,29424,France
230417,17549,Product D,1,16/01/2023 01:00,66.13,87454,Netherlands
211517,13361,Product E,12,16/01/2023 02:00,43.48,13149,Spain
529614,19244,Product B,6,16/01/2023 03:00,65.48,73523,Spain
120520,24681,Product E,4,16/01/2023 04:00,45.65,31879,United Kingdom
380817,79649,Product E,5,16/01/2023 05:00,20.13,97719,United Kingdom
507951,80116,Product D,12,16/01/2023 06:00,32.7,86440,United Kingdom
717538,14920,Product C,17,16/01/2023 07:00,15.69,19687,Germany
415188,69549,Product B,1,16/01/2023 08:00,16.64,98397,Spain
173259,74941,Product D,17,16/01/2023 09:00,29.96,50281,Spain
510850,67336,Product A,15,16/01/2023 10:00,85.42,99285,Germany
718591,42458,Product D,7,16/01/2023 11:00,91.13,11844,Germany
714383,63863,Product D,10,16/01/2023 12:00,23.05,45254,Netherlands
818703,27125,Product E,9,16/01/2023 13:00,31.57,35344,Spain
199116,72191,Product B,18,16/01/2023 14:00,89.74,78744,France
148434,74521,Product C,6,16/01/2023 15:00,29.25,65120,France
180897,72444,Product A,13,16/01/2023 16:00,8.25,84097,Germany
516322,52022,Product B,5,16/01/2023 17:00,27.1,79582,Spain
546987,11462,Product D,5,16/01/2023 18:00,13.6,36750,Netherlands
254896,78975,Product C,5,16/01/2023 19:00,76.04,52927,Netherlands
286754,94733,Product A,13,16/01/2023 20:00,36.62,93504,United Kingdom
275917,71382,Product B,19,16/01/2023 21:00,46.72,68216,United Kingdom
276840,54475,Product A,10,16/01/2023 22:00,3.44,20797,Netherlands
572240,90339,Product B,17,16/01/2023 23:00,99.57,88148,United Kingdom
386568,82665,Product C,3,17/01/2023 00:00,4.62,39408,Netherlands
949324,28063,Product D,1,17/01/2023 01:00,25.03,19776,Germany
543827,29265,Product A,18,17/01/2023 02:00,21.84,11208,France
655303,19226,Product A,15,17/01/2023 03:00,97.6,82713,Germany
951759,96222,Product B,12,17/01/2023 04:00,29.87,71401,Netherlands
381660,37427,Product E,16,17/01/2023 05:00,90.8,56420,France
825680,77266,Product E,18,17/01/2023 06:00,47.09,74987,Netherlands
330987,22534,Product D,4,17/01/2023 07:00,22.89,81486,Spain
458402,33294,Product B,19,17/01/2023 08:00,16.69,31259,Spain
219512,46953,Product D,5,17/01/2023 09:00,60.23,27601,United Kingdom
456371,27726,Product E,3,17/01/2023 10:00,98.23,71119,United Kingdom
842175,29582,Product B,14,17/01/2023 11:00,26.52,24100,Netherlands
655773,44326,Product E,8,17/01/2023 12:00,95.5,62648,Netherlands
449583,86943,Product E,5,17/01/2023 13:00,90.15,88059,Netherlands
572408,33964,Product E,14,17/01/2023 14:00,34.27,81130,United Kingdom
812229,58878,Product C,2,17/01/2023 15:00,73.43,92948,France
998268,14337,Product C,2,17/01/2023 16:00,16.74,88381,France
903115,92042,Product A,11,17/01/2023 17:00,58.06,53163,Spain
209063,88437,Product E,19,17/01/2023 18:00,80.87,74883,Germany
683299,35177,Product B,12,17/01/2023 19:00,60.11,54058,Spain
143901,64636,Product B,12,17/01/2023 20:00,45.92,14816,United Kingdom
436063,33488,Product E,6,17/01/2023 21:00,23.32,38554,Spain
725595,91690,Product C,11,17/01/2023 22:00,62.69,43256,Spain
452206,40977,Product E,2,17/01/2023 23:00,56.48,10604,France
462567,88036,Product B,10,18/01/2023 00:00,50.14,79810,Netherlands
855293,61280,Product E,13,18/01/2023 01:00,77.14,82766,United Kingdom
268491,64106,Product E,1,18/01/2023 02:00,49.15,77684,Spain
264449,29460,Product E,12,18/01/2023 03:00,31.03,90868,Netherlands
490111,32633,Product E,4,18/01/2023 04:00,46.02,84911,United Kingdom
207863,53645,Product B,15,18/01/2023 05:00,69.07,60899,United Kingdom
702921,50310,Product A,11,18/01/2023 06:00,52.48,63555,France
144187,40395,Product E,17,18/01/2023 07:00,74.3,86877,United Kingdom
698852,70937,Product B,1,18/01/2023 08:00,85.36,21873,United Kingdom
401974,64112,Product A,6,18/01/2023 09:00,37.72,63089,France
298252,54443,Product D,13,18/01/2023 10:00,16.11,36341,United Kingdom
599246,74479,Product A,7,18/01/2023 11:00,73.35,82233,United Kingdom
103690,35507,Product C,8,18/01/2023 12:00,40.46,95234,United Kingdom
922711,59688,Product D,12,18/01/2023 13:00,90.8,16294,United Kingdom
294562,29529,Product B,12,18/01/2023 14:00,88.67,16243,Germany
896219,50273,Product A,6,18/01/2023 15:00,51.29,32180,France
414666,67172,Product A,7,18/01/2023 16:00,20.81,70349,Germany
507103,21871,Product D,12,18/01/2023 17:00,40.71,24327,Spain
726279,84162,Product D,6,18/01/2023 18:00,73.94,53731,Netherlands
755827,72062,Product A,8,18/01/2023 19:00,58.74,27298,United Kingdom
437304,32350,Product C,7,18/01/2023 20:00,36.55,58898,Spain
205646,40809,Product B,12,18/01/2023 21:00,22.42,36664,United Kingdom
349454,95096,Product E,2,18/01/2023 22:00,59.7,67804,Netherlands
248462,50717,Product A,5,18/01/2023 23:00,23.23,35021,United Kingdom
335916,87102,Product E,6,19/01/2023 00:00,65.57,67590,France
341445,96478,Product B,13,19/01/2023 01:00,54.43,30456,Germany
819726,93698,Product C,15,19/01/2023 02:00,46.51,64333,France
516632,49332,Product E,4,19/01/2023 03:00,67.7,26138,France
243163,51869,Product B,7,19/01/2023 04:00,14.03,24238,United Kingdom
459613,59957,Product E,7,19/01/2023 05:00,14.94,18015,Netherlands
623210,78656,Product E,14,19/01/2023 06:00,72.2,62547,Spain
639711,26806,Product D,6,19/01/2023 07:00,54.72,18868,Netherlands
534275,64862,Product E,5,19/01/2023 08:00,18.15,50303,Netherlands
577026,79138,Product E,1,19/01/2023 09:00,62.42,48556,Germany
779487,89765,Product E,15,19/01/2023 10:00,62.0,32333,Germany
574057,52703,Product E,3,19/01/2023 11:00,20.43,71667,Spain
714357,59826,Product B,13,19/01/2023 12:00,2.34,97592,Netherlands
757993,57494,Product E,6,19/01/2023 13:00,34.25,95452,United Kingdom
644793,52116,Product E,12,19/01/2023 14:00,62.88,95087,France
118815,82098,Product B,19,19/01/2023 15:00,14.29,10671,France
899280,89411,Product C,5,19/01/2023 16:00,60.73,86086,France
860077,76800,Product C,12,19/01/2023 17:00,63.0,22274,Germany
215397,49477,Product A,19,19/01/2023 18:00,5.13,32520,Spain
833565,90603,Product E,1,19/01/2023 19:00,90.21,15344,Netherlands
959055,22702,Product D,8,19/01/2023 20:00,28.71,44309,Spain
417661,95469,Product A,18,19/01/2023 21:00,52.44,88930,Netherlands
782267,84296,Product C,1,19/01/2023 22:00,21.1,33062,Germany
486948,63034,Product B,8,19/01/2023 23:00,17.94,52578,Spain
252198,48915,Product B,15,20/01/2023 00:00,16.01,40593,Spain
587179,43214,Product E,12,20/01/2023 01:00,86.91,40745,Spain
365359,42295,Product C,12,20/01/2023 02:00,81.77,14378,Germany
820765,20218,Product C,16,20/01/2023 03:00,43.84,16991,United Kingdom
184091,26709,Product E,17,20/01/2023 04:00,33.87,72973,France
724369,22521,Product C,10,20/01/2023 05:00,74.08,31859,United Kingdom
523955,40297,Product B,1,20/01/2023 06:00,67.28,20782,United Kingdom
644746,74212,Product E,18,20/01/2023 07:00,51.7,25320,Netherlands
603197,30717,Product B,7,20/01/2023 08:00,75.68,44187,Spain
980490,27291,Product B,10,20/01/2023 09:00,81.05,47695,France
160521,74045,Product C,2,20/01/2023 10:00,38.91,89678,France
490297,17907,Product A,5,20/01/2023 11:00,41.26,44856,Germany
749485,92595,Product D,16,20/01/2023 12:00,67.54,29123,Netherlands
871774,20865,Product A,11,20/01/2023 13:00,48.2,49900,Spain
485608,46728,Product A,16,20/01/2023 14:00,29.48,18669,Germany
201935,32188,Product D,8,20/01/2023 15:00,6.09,65715,France
910647,97479,Product B,1,20/01/2023 16:00,89.06,55874,Spain
696641,84494,Product D,1,20/01/2023 17:00,30.83,80513,Netherlands
732452,49226,Product D,8,20/01/2023 18:00,61.75,12743,Netherlands
483308,28992,Product A,6,20/01/2023 19:00,45.35,51901,Netherlands
438706,98512,Product C,18,20/01/2023 20:00,73.41,40355,Netherlands
373002,57305,Product D,6,20/01/2023 21:00,35.47,60477,France
997295,61113,Product E,16,20/01/2023 22:00,36.16,91404,Germany
647789,59596,Product C,8,20/01/2023 23:00,61.02,64127,United Kingdom
174094,83986,Product B,12,21/01/2023 00:00,3.66,93238,Spain
623466,38580,Product A,17,21/01/2023 01:00,39.27,35795,Spain
135007,71746,Product A,2,21/01/2023 02:00,7.5,21598,Spain
602135,78991,Product D,15,21/01/2023 03:00,88.23,19240,Germany
882782,40467,Product C,18,21/01/2023 04:00,18.71,71039,Spain
801489,71894,Product B,16,21/01/2023 05:00,5.5,76083,Spain
128769,46786,Product B,6,21/01/2023 06:00,35.24,10864,France
264658,19899,Product E,3,21/01/2023 07:00,37.14,10502,Spain
335697,88230,Product A,2,21/01/2023 08:00,33.9,54564,United Kingdom
897592,93503,Product B,14,21/01/2023 09:00,77.22,79930,United Kingdom
334893,89267,Product C,3,21/01/2023 10:00,15.71,90929,United Kingdom
537339,43156,Product A,17,21/01/2023 11:00,63.0,20235,Netherlands
566431,89817,Product B,15,21/01/2023 12:00,29.7,10519,France
604237,53167,Product E,15,21/01/2023 13:00,62.8,30803,Spain
418423,64937,Product C,5,21/01/2023 14:00,52.41,94207,United Kingdom
805817,41787,Product C,5,21/01/2023 15:00,20.45,24310,United Kingdom
386785,14055,Product B,12,21/01/2023 16:00,97.52,48560,Netherlands
562879,17691,Product A,4,21/01/2023 17:00,31.28,34941,France
545997,46757,Product E,9,21/01/2023 18:00,20.65,86929,France
762149,93203,Product C,14,21/01/2023 19:00,55.65,20034,France
442045,12236,Product C,16,21/01/2023 20:00,68.26,11576,United Kingdom
399791,22363,Product E,14,21/01/2023 21:00,44.56,53585,Germany
853652,94505,Product E,11,21/01/2023 22:00,32.78,93867,Spain
519758,95694,Product E,1,21/01/2023 23:00,29.74,15779,France
646328,50340,Product D,5,22/01/2023 00:00,82.51,28448,Netherlands
960264,37964,Product D,11,22/01/2023 01:00,87.53,81610,Netherlands
260951,76117,Product C,3,22/01/2023 02:00,19.21,13442,France
458512,96554,Product E,14,22/01/2023 03:00,11.03,47141,Germany
943169,85264,Product A,6,22/01/2023 04:00,93.54,49315,Netherlands
337723,62911,Product C,16,22/01/2023 05:00,54.78,88454,Germany
978942,68047,Product E,12,22/01/2023 06:00,72.14,75070,Netherlands
675521,98752,Product D,17,22/01/2023 07:00,64.7,16753,Netherlands
122779,41934,Product D,13,22/01/2023 08:00,90.34,72238,Germany
112294,19266,Product C,7,22/01/2023 09:00,83.1,83988,France
422888,74139,Product A,7,22/01/2023 10:00,37.24,58419,United Kingdom
781662,20698,Product B,10,22/01/2023 11:00,7.62,54772,Netherlands
733277,41624,Product A,3,22/01/2023 12:00,55.04,41588,Germany
669607,38683,Product B,18,22/01/2023 13:00,29.35,25150,Germany
831022,89480,Product C,17,22/01/2023 14:00,5.26,59591,France
430957,31753,Product A,5,22/01/2023 15:00,16.86,39262,Spain
272325,48768,Product B,12,22/01/2023 16:00,37.96,65576,Spain
204614,30586,Product B,17,22/01/2023 17:00,70.61,75864,Spain
785484,93612,Product B,16,22/01/2023 18:00,6.49,78086,Germany
312983,33731,Product E,16,22/01/2023 19:00,54.28,74523,United Kingdom
385111,69381,Product D,11,22/01/2023 20:00,52.82,91953,Netherlands
971347,25530,Product B,17,22/01/2023 21:00,59.26,97878,Netherlands
203182,56138,Product D,14,22/01/2023 22:00,54.02,85121,United Kingdom
888479,16045,Product E,8,22/01/2023 23:00,85.26,50485,United Kingdom
230004,38025,Product B,3,23/01/2023 00:00,2.68,33692,France
135266,57692,Product E,16,23/01/2023 01:00,14.59,46605,Netherlands
925296,67107,Product E,6,23/01/2023 02:00,36.6,21172,Netherlands
143984,14581,Product E,2,23/01/2023 03:00,60.53,44511,Germany
340020,96467,Product E,15,23/01/2023 04:00,26.69,28580,Netherlands
195879,97095,Product A,19,23/01/2023 05:00,77.08,91429,France
629419,33686,Product A,13,23/01/2023 06:00,49.94,39704,Germany
779556,85131,Product A,12,23/01/2023 07:00,36.72,14695,Spain
453840,78403,Product A,11,23/01/2023 08:00,66.44,71244,Germany
624161,52616,Product E,12,23/01/2023 09:00,65.55,54668,Spain
277821,84927,Product D,14,23/01/2023 10:00,46.58,42251,Germany
242064,51196,Product A,14,23/01/2023 11:00,36.12,39574,Netherlands
278802,71718,Product C,4,23/01/2023 12:00,98.74,20642,Netherlands
177411,29406,Product D,2,23/01/2023 13:00,27.02,33291,United Kingdom
650920,55170,Product B,10,23/01/2023 14:00,11.33,59140,United Kingdom
804720,12135,Product B,11,23/01/2023 15:00,22.79,69891,Netherlands
100591,90139,Product D,18,23/01/2023 16:00,2.65,72329,Netherlands
502589,22519,Product D,14,23/01/2023 17:00,98.34,48346,France
382472,14733,Product B,18,23/01/2023 18:00,43.07,69049,Netherlands
858058,11387,Product E,16,23/01/2023 19:00,5.96,51697,France
536532,89133,Product D,18,23/01/2023 20:00,41.64,17569,France
845675,63935,Product D,15,23/01/2023 21:00,4.44,79837,Germany
128286,43243,Product A,17,23/01/2023 22:00,70.82,37881,United Kingdom
391925,61379,Product B,16,23/01/2023 23:00,93.94,88221,Germany
639792,12638,Product A,10,24/01/2023 00:00,24.36,42657,United Kingdom
730973,42270,Product E,14,24/01/2023 01:00,24.93,86649,Germany
923607,34700,Product E,17,24/01/2023 02:00,20.14,53854,United Kingdom
269862,71702,Product C,12,24/01/2023 03:00,13.51,89410,Netherlands
166087,62768,Product E,14,24/01/2023 04:00,29.03,95383,United Kingdom
696455,30985,Product D,7,24/01/2023 05:00,7.02,46372,Netherlands
269295,42325,Product A,13,24/01/2023 06:00,91.09,96348,Germany
411793,66127,Product C,12,24/01/2023 07:00,31.95,82644,Spain
888235,77863,Product E,13,24/01/2023 08:00,78.29,51100,Netherlands
515704,88755,Product E,3,24/01/2023 09:00,25.04,29464,United Kingdom
968830,91686,Product E,15,24/01/2023 10:00,64.8,76813,France
428031,24320,Product C,15,24/01/2023 11:00,50.1,99101,France
513582,29599,Product D,4,24/01/2023 12:00,33.5,89944,Netherlands
814524,43815,Product D,6,24/01/2023 13:00,1.94,48243,France
673479,53804,Product C,16,24/01/2023 14:00,39.63,46082,Germany
992002,36688,Product B,6,24/01/2023 15:00,65.45,64597,Netherlands
936579,95169,Product C,18,24/01/2023 16:00,48.26,80721,France
187370,50731,Product E,10,24/01/2023 17:00,7.88,78192,Spain
440408,20818,Product D,16,24/01/2023 18:00,60.25,38039,Spain
244513,96397,Product A,11,24/01/2023 19:00,84.81,19568,Netherlands
136457,99309,Product B,17,24/01/2023 20:00,23.26,49347,Spain
461681,96036,Product C,18,24/01/2023 21:00,2.81,89936,United Kingdom
531328,16016,Product B,10,24/01/2023 22:00,59.05,73928,Germany
568095,41092,Product C,6,24/01/2023 23:00,45.66,15491,Netherlands
163071,37792,Product A,7,25/01/2023 00:00,51.03,77614,France
819422,16993,Product C,18,25/01/2023 01:00,51.9,74803,France
846744,47167,Product B,16,25/01/2023 02:00,83.36,89794,France
689020,63077,Product C,14,25/01/2023 03:00,78.85,75656,Netherlands
490101,12036,Product E,5,25/01/2023 04:00,75.95,83143,Netherlands
278073,53866,Product E,15,25/01/2023 05:00,53.14,19866,Germany
515000,81953,Product A,17,25/01/2023 06:00,73.77,11503,United Kingdom
812620,85507,Product B,12,25/01/2023 07:00,91.69,63668,Spain
225316,15772,Product C,3,25/01/2023 08:00,54.18,75021,Germany
207037,25164,Product A,7,25/01/2023 09:00,2.03,13023,United Kingdom
723067,38591,Product D,15,25/01/2023 10:00,6.02,88834,France
291387,22527,Product A,5,25/01/2023 11:00,28.34,13986,Spain
506129,71686,Product D,14,25/01/2023 12:00,83.58,15882,Netherlands
633995,82138,Product E,16,25/01/2023 13:00,61.03,44977,United Kingdom
278429,33003,Product C,15,25/01/2023 14:00,39.84,44710,Netherlands
540493,21773,Product D,12,25/01/2023 15:00,27.49,70531,United Kingdom
252559,93815,Product D,3,25/01/2023 16:00,13.83,98143,United Kingdom
882390,87324,Product A,13,25/01/2023 17:00,86.02,12468,France
777891,47745,Product D,16,25/01/2023 18:00,15.02,19758,Spain
403724,19886,Product B,5,25/01/2023 19:00,25.99,35837,France
185705,41294,Product D,14,25/01/2023 20:00,24.98,79565,Spain
139878,44416,Product C,4,25/01/2023 21:00,11.24,53844,United Kingdom
732033,36290,Product E,9,25/01/2023 22:00,91.83,19825,Spain
781609,50179,Product E,3,25/01/2023 23:00,40.57,51254,France
318636,33873,Product E,13,26/01/2023 00:00,96.47,38054,Germany
481751,45115,Product A,4,26/01/2023 01:00,32.45,47740,Netherlands
562977,92540,Product B,4,26/01/2023 02:00,57.47,91263,United Kingdom
824648,98642,Product D,11,26/01/2023 03:00,94.55,80709,Netherlands
538403,29596,Product C,5,26/01/2023 04:00,37.38,66751,France
184857,49419,Product D,8,26/01/2023 05:00,37.82,42178,Spain
122122,13718,Product D,3,26/01/2023 06:00,62.94,84872,Spain
232122,63812,Product D,18,26/01/2023 07:00,53.55,88812,Germany
895906,21070,Product A,3,26/01/2023 08:00,30.94,24197,Spain
474653,31766,Product C,6,26/01/2023 09:00,34.72,87688,Netherlands
843669,67337,Product D,10,26/01/2023 10:00,50.3,27806,Spain
911855,96195,Product C,12,26/01/2023 11:00,94.57,15086,United Kingdom
773335,12849,Product C,7,26/01/2023 12:00,78.56,30417,Netherlands
808997,45470,Product A,13,26/01/2023 13:00,90.16,97619,Netherlands
937127,34480,Product C,1,26/01/2023 14:00,23.19,93974,Netherlands
573208,24819,Product B,19,26/01/2023 15:00,48.38,95094,Germany
210795,72052,Product A,15,26/01/2023 16:00,44.55,48094,France
699281,38561,Product E,11,26/01/2023 17:00,99.39,21173,Spain
831722,10059,Product D,13,26/01/2023 18:00,38.14,33485,United Kingdom
325064,65064,Product D,3,26/01/2023 19:00,3.35,27394,United Kingdom
946804,14699,Product E,11,26/01/2023 20:00,61.4,15421,Netherlands
156976,58027,Product A,12,26/01/2023 21:00,11.2,42895,Netherlands
287111,64552,Product C,3,26/01/2023 22:00,79.55,43147,Spain
952710,14190,Product A,15,26/01/2023 23:00,16.31,13860,France
862717,96182,Product A,5,27/01/2023 00:00,2.16,63432,Netherlands
432396,21379,Product C,14,27/01/2023 01:00,38.68,82965,France
171793,25650,Product C,4,27/01/2023 02:00,35.65,33237,United Kingdom
800069,18658,Product A,15,27/01/2023 03:00,53.2,86341,Netherlands
606235,87815,Product A,12,27/01/2023 04:00,89.37,35119,Germany
866291,57821,Product D,7,27/01/2023 05:00,43.49,95537,Spain
336275,13331,Product A,6,27/01/2023 06:00,97.33,24730,Germany
897076,27171,Product B,9,27/01/2023 07:00,52.4,36460,United Kingdom
123545,28017,Product D,19,27/01/2023 08:00,28.24,63084,Spain
858015,22217,Product C,15,27/01/2023 09:00,99.25,97765,United Kingdom
208765,77771,Product E,14,27/01/2023 10:00,45.57,26231,Spain
500282,62718,Product B,1,27/01/2023 11:00,2.71,13391,Spain
176249,10239,Product B,1,27/01/2023 12:00,36.14,88135,France
465127,63185,Product E,14,27/01/2023 13:00,71.12,78327,France
129836,60231,Product C,12,27/01/2023 14:00,74.15,43449,United Kingdom
606505,23965,Product C,11,27/01/2023 15:00,30.97,37679,Spain
138451,35025,Product D,14,27/01/2023 16:00,65.41,96341,France
369436,11894,Product D,11,27/01/2023 17:00,19.99,44349,United Kingdom
996400,97395,Product D,4,27/01/2023 18:00,32.34,76335,Spain
859768,22776,Product D,4,27/01/2023 19:00,71.53,96485,Spain
797167,80200,Product B,2,27/01/2023 20:00,29.59,80150,Germany
657779,13584,Product B,6,27/01/2023 21:00,2.24,56545,United Kingdom
946209,17440,Product E,15,27/01/2023 22:00,23.92,59060,Spain
698079,47192,Product B,11,27/01/2023 23:00,94.38,37350,Germany
715280,89857,Product A,8,28/01/2023 00:00,69.22,11555,Netherlands
790958,32683,Product C,4,28/01/2023 01:00,12.85,32757,United Kingdom
358393,11038,Product B,12,28/01/2023 02:00,17.93,26527,Germany
330245,45532,Product A,9,28/01/2023 03:00,25.25,96052,United Kingdom
728749,45050,Product A,8,28/01/2023 04:00,11.07,90104,Netherlands
610651,11217,Product E,14,28/01/2023 05:00,80.57,76399,France
323303,70374,Product D,15,28/01/2023 06:00,35.25,96684,Netherlands
649019,30560,Product E,16,28/01/2023 07:00,34.7,21560,France
802164,76887,Product C,17,28/01/2023 08:00,29.6,90230,Netherlands
488958,50361,Product A,5,28/01/2023 09:00,52.2,47361,France
241987,29488,Product B,15,28/01/2023 10:00,49.62,25009,Spain
135137,12418,Product E,3,28/01/2023 11:00,45.27,72327,Netherlands
476551,74107,Product D,13,28/01/2023 12:00,72.45,93056,Netherlands
411639,30605,Product D,19,28/01/2023 13:00,2.64,23463,United Kingdom
475341,21875,Product E,4,28/01/2023 14:00,70.82,84075,Germany
638640,68090,Product C,3,28/01/2023 15:00,99.46,39377,United Kingdom
774265,53933,Product C,15,28/01/2023 16:00,9.05,44565,United Kingdom
318820,43515,Product E,16,28/01/2023 17:00,84.8,59933,Spain
598879,42074,Product E,6,28/01/2023 18:00,58.29,14356,Netherlands
825323,79750,Product A,9,28/01/2023 19:00,87.63,24459,Germany
605893,60306,Product C,12,28/01/2023 20:00,4.63,58127,United Kingdom
642274,84821,Product C,7,28/01/2023 21:00,97.0,56148,United Kingdom
793443,58998,Product C,9,28/01/2023 22:00,22.61,74888,Netherlands
882824,50598,Product D,5,28/01/2023 23:00,8.99,95740,France
529953,22553,Product D,3,29/01/2023 00:00,94.3,48743,France
691093,73802,Product A,16,29/01/2023 01:00,29.73,86061,France
646366,38721,Product D,18,29/01/2023 02:00,36.0,68718,Netherlands
314111,25616,Product A,11,29/01/2023 03:00,73.03,64076,Germany
259621,69052,Product E,1,29/01/2023 04:00,25.47,12030,Netherlands
288288,84858,Product B,15,29/01/2023 05:00,53.25,43311,France
767325,73737,Product B,12,29/01/2023 06:00,28.21,33526,Spain
130366,80134,Product B,8,29/01/2023 07:00,65.83,11023,France
644697,91268,Product E,1,29/01/2023 08:00,64.01,45086,Netherlands
496440,62912,Product A,5,29/01/2023 09:00,19.56,82709,Germany
500841,86085,Product C,18,29/01/2023 10:00,66.69,94987,Netherlands
800164,22612,Product A,18,29/01/2023 11:00,6.19,93632,United Kingdom
632031,95767,Product C,8,29/01/2023 12:00,86.71,37328,Netherlands
126171,68297,Product C,19,29/01/2023 13:00,49.52,34118,United Kingdom
851746,84525,Product A,11,29/01/2023 14:00,72.48,11859,United Kingdom
993152,11194,Product C,17,29/01/2023 15:00,12.2,19569,Netherlands
638718,48845,Product B,8,29/01/2023 16:00,83.41,49214,Spain
739763,80551,Product C,14,29/01/2023 17:00,9.25,16696,France
984874,35910,Product C,10,29/01/2023 18:00,90.5,18547,Netherlands
878417,69798,Product A,14,29/01/2023 19:00,81.05,55603,United Kingdom
977529,38170,Product B,6,29/01/2023 20:00,24.54,83268,Spain
776447,99523,Product E,10,29/01/2023 21:00,85.13,86234,France
819726,93629,Product D,4,29/01/2023 22:00,49.15,87574,France
442741,75972,Product A,15,29/01/2023 23:00,58.47,94331,Germany
865023,56449,Product C,5,30/01/2023 00:00,10.6,75904,France
557469,55069,Product E,11,30/01/2023 01:00,3.34,55514,United Kingdom
347263,54492,Product B,19,30/01/2023 02:00,42.07,56932,United Kingdom
849345,94080,Product E,10,30/01/2023 03:00,70.22,77362,United Kingdom
208103,28181,Product D,15,30/01/2023 04:00,9.41,52078,France
760958,94376,Product A,18,30/01/2023 05:00,43.23,72517,Netherlands
501641,65013,Product D,14,30/01/2023 06:00,4.08,67503,Germany
751897,69439,Product C,12,30/01/2023 07:00,78.78,71979,Germany
934269,71603,Product B,1,30/01/2023 08:00,92.34,64618,United Kingdom
410574,70798,Product C,16,30/01/2023 09:00,18.57,53524,France
418973,12111,Product C,1,30/01/2023 10:00,62.28,82980,Germany
991481,43815,Product E,15,30/01/2023 11:00,51.76,47419,Germany
461075,58512,Product B,4,30/01/2023 12:00,48.82,63470,Germany
469446,58837,Product A,12,30/01/2023 13:00,55.89,36350,Netherlands
625478,94366,Product D,11,30/01/2023 14:00,78.41,44187,United Kingdom
649761,85421,Product E,8,30/01/2023 15:00,24.53,46600,Germany
996679,32720,Product A,12,30/01/2023 16:00,71.35,30648,France
574238,68816,Product D,12,30/01/2023 17:00,33.04,71515,United Kingdom
537128,76369,Product A,4,30/01/2023 18:00,53.0,89074,France
583908,17425,Product B,12,30/01/2023 19:00,54.17,77686,Netherlands
922802,50326,Product D,11,30/01/2023 20:00,21.26,63375,Spain
466436,57548,Product D,18,30/01/2023 21:00,98.61,43071,France
945784,57800,Product D,2,30/01/2023 22:00,27.0,28993,United Kingdom
958438,80857,Product C,7,30/01/2023 23:00,4.55,30267,Spain
714746,61316,Product C,7,31/01/2023 00:00,33.93,25636,Netherlands
757856,69314,Product A,5,31/01/2023 01:00,69.36,20560,Spain
348397,76711,Product D,12,31/01/2023 02:00,10.98,54914,France
276450,54334,Product D,2,31/01/2023 03:00,55.38,23887,Germany
933384,86791,Product B,4,31/01/2023 04:00,20.77,31619,Spain
947610,98470,Product A,18,31/01/2023 05:00,68.44,89074,United Kingdom
172483,61094,Product C,7,31/01/2023 06:00,74.63,59700,France
850109,70365,Product E,1,31/01/2023 07:00,57.69,95037,Spain
206256,55238,Product C,14,31/01/2023 08:00,65.96,86857,United Kingdom
695787,12652,Product C,6,31/01/2023 09:00,24.61,11095,Spain
372151,42456,Product B,9,31/01/2023 10:00,85.63,18383,France
524395,30479,Product B,15,31/01/2023 11:00,98.94,30548,Germany
255758,67141,Product C,10,31/01/2023 12:00,92.73,39375,Spain
250679,54697,Product C,14,31/01/2023 13:00,51.87,34744,Spain
942639,62568,Product E,1,31/01/2023 14:00,73.23,34269,United Kingdom
328216,22203,Product E,4,31/01/2023 15:00,57.02,40781,Spain
514591,36687,Product C,3,31/01/2023 16:00,16.92,24230,Spain
212478,80002,Product B,5,31/01/2023 17:00,97.51,70245,Netherlands
245695,80954,Product C,13,31/01/2023 18:00,74.4,22273,France
487478,56119,Product E,16,31/01/2023 19:00,46.33,50142,France
420968,20236,Product B,16,31/01/2023 20:00,42.33,89711,Germany
487631,56934,Product C,18,31/01/2023 21:00,19.18,45942,United Kingdom
728083,65421,Product A,2,31/01/2023 22:00,70.7,61633,United Kingdom
895634,44005,Product A,15,31/01/2023 23:00,37.9,84620,Spain
885137,80507,Product C,15,01/02/2023 00:00,17.4,61160,Germany
782506,18102,Product E,10,01/02/2023 01:00,26.32,84642,United Kingdom
335088,76047,Product C,14,01/02/2023 02:00,9.74,79780,United Kingdom
656373,11654,Product A,14,01/02/2023 03:00,78.96,23089,Spain
755075,15505,Product E,3,01/02/2023 04:00,79.59,29598,United Kingdom
182924,32322,Product C,9,01/02/2023 05:00,74.72,58973,Netherlands
831759,43423,Product A,14,01/02/2023 06:00,87.55,60151,United Kingdom
260330,30615,Product B,8,01/02/2023 07:00,12.63,61610,Netherlands
487036,72507,Product C,19,01/02/2023 08:00,64.92,43913,France
993650,98288,Product D,6,01/02/2023 09:00,35.93,83498,Spain
370401,81337,Product E,14,01/02/2023 10:00,77.45,61060,France
656506,59429,Product E,15,01/02/2023 11:00,31.67,15979,Netherlands
418864,83281,Product D,16,01/02/2023 12:00,28.59,12448,Spain
730471,50785,Product D,2,01/02/2023 13:00,77.66,40841,France
768625,75657,Product B,16,01/02/2023 14:00,15.8,29219,Netherlands
248573,61517,Product B,3,01/02/2023 15:00,49.15,24072,France
391832,77314,Product A,19,01/02/2023 16:00,17.96,81713,France
355303,46888,Product E,3,01/02/2023 17:00,37.83,47146,Spain
679821,75045,Product E,7,01/02/2023 18:00,19.79,50084,France
299120,44406,Product A,3,01/02/2023 19:00,15.78,52592,Germany
661983,43396,Product B,8,01/02/2023 20:00,56.52,10750,United Kingdom
312785,27807,Product B,14,01/02/2023 21:00,15.8,20010,Spain
508121,56812,Product D,3,01/02/2023 22:00,86.0,92675,France
762521,43625,Product B,10,01/02/2023 23:00,49.91,55274,France
812067,94371,Product E,3,02/02/2023 00:00,45.34,98189,United Kingdom
952446,94542,Product E,9,02/02/2023 01:00,8.06,99853,Netherlands
679918,54513,Product B,8,02/02/2023 02:00,64.57,27799,Netherlands
877840,95342,Product B,9,02/02/2023 03:00,24.99,17622,Netherlands
964232,70720,Product A,9,02/02/2023 04:00,78.11,89907,United Kingdom
112229,56513,Product E,3,02/02/2023 05:00,65.5,92574,United Kingdom
237995,69781,Product A,19,02/02/2023 06:00,82.82,16928,Netherlands
710598,98123,Product D,19,02/02/2023 07:00,47.61,83984,Germany
454325,40212,Product D,2,02/02/2023 08:00,8.12,86728,Netherlands
809432,66773,Product C,5,02/02/2023 09:00,43.65,29166,France
978725,70842,Product E,13,02/02/2023 10:00,63.96,38382,France
956497,97366,Product B,7,02/02/2023 11:00,3.63,45363,France
833291,64652,Product E,7,02/02/2023 12:00,20.74,19890,France
144255,32627,Product C,11,02/02/2023 13:00,33.61,42555,Germany
988484,40890,Product A,10,02/02/2023 14:00,21.33,36625,Netherlands
723378,76270,Product E,8,02/02/2023 15:00,83.82,33186,Germany
287625,49635,Product C,17,02/02/2023 16:00,59.6,39269,Netherlands
527203,37241,Product A,11,02/02/2023 17:00,39.17,80028,Germany
226570,85566,Product A,4,02/02/2023 18:00,76.2,51849,Netherlands
960946,60781,Product A,18,02/02/2023 19:00,92.52,85218,Spain
993684,11270,Product D,17,02/02/2023 20:00,9.41,34503,Spain
417023,11390,Product E,2,02/02/2023 21:00,25.91,11851,Spain
793336,72941,Product E,1,02/02/2023 22:00,50.39,46516,Spain
480588,54688,Product C,12,02/02/2023 23:00,96.45,10196,Netherlands
368471,39072,Product B,9,03/02/2023 00:00,19.36,52443,Germany
575796,91400,Product D,18,03/02/2023 01:00,19.9,21225,Netherlands
200202,50110,Product D,12,03/02/2023 02:00,20.7,72160,United Kingdom
245596,42148,Product C,9,03/02/2023 03:00,68.16,42104,France
179862,30128,Product B,8,03/02/2023 04:00,40.97,67807,France
951208,11307,Product C,8,03/02/2023 05:00,99.83,21387,France
212674,66847,Product C,6,03/02/2023 06:00,13.36,46197,Germany
856096,67398,Product E,3,03/02/2023 07:00,45.15,55130,France
798351,46848,Product D,17,03/02/2023 08:00,63.63,79989,Spain
123467,84118,Product E,11,03/02/2023 09:00,23.99,84452,Netherlands
942816,72616,Product A,14,03/02/2023 10:00,96.11,23289,France
986615,83166,Product A,14,03/02/2023 11:00,82.22,64369,United Kingdom
839453,34582,Product B,2,03/02/2023 12:00,49.39,58141,Germany
671547,20177,Product A,11,03/02/2023 13:00,57.56,23476,Spain
242264,81824,Product A,10,03/02/2023 14:00,99.63,61752,Spain
606243,38516,Product C,17,03/02/2023 15:00,20.65,73938,France
883002,95178,Product B,4,03/02/2023 16:00,19.07,22213,Spain
464830,28933,Product B,15,03/02/2023 17:00,31.45,21350,France
610721,91777,Product C,19,03/02/2023 18:00,55.9,82811,United Kingdom
475679,77508,Product C,6,03/02/2023 19:00,97.61,23812,Germany
988279,23524,Product B,13,03/02/2023 20:00,51.72,62153,United Kingdom
820616,54223,Product C,13,03/02/2023 21:00,61.93,22035,Germany
166321,43829,Product C,8,03/02/2023 22:00,74.99,38050,Spain
628954,85198,Product C,1,03/02/2023 23:00,3.86,96984,United Kingdom
830192,11310,Product C,10,04/02/2023 00:00,11.17,76311,Spain
691860,13391,Product C,4,04/02/2023 01:00,57.82,49332,Netherlands
528664,66265,Product A,19,04/02/2023 02:00,45.53,44969,Spain
930575,32185,Product D,8,04/02/2023 03:00,17.42,47858,Netherlands
903946,61674,Product E,5,04/02/2023 04:00,34.38,34734,Germany
174282,56437,Product B,18,04/02/2023 05:00,98.69,80152,France
548676,15150,Product C,1,04/02/2023 06:00,69.03,52225,United Kingdom
325485,27909,Product E,10,04/02/2023 07:00,70.46,96832,France
443176,81657,Product C,1,04/02/2023 08:00,38.73,35987,Netherlands
202084,85063,Product E,8,04/02/2023 09:00,19.71,18176,Germany
150945,33869,Product B,6,04/02/2023 10:00,18.55,64778,Netherlands
914542,22661,Product E,11,04/02/2023 11:00,21.23,16163,Germany
598440,59140,Product B,1,04/02/2023 12:00,39.01,47307,Spain
914510,86169,Product C,3,04/02/2023 13:00,45.31,73405,Spain
116366,42384,Product E,2,04/02/2023 14:00,48.79,89451,Germany
411629,90486,Product C,2,04/02/2023 15:00,73.75,24265,France
349326,57658,Product B,15,04/02/2023 16:00,89.71,18683,Germany
574830,81682,Product D,7,04/02/2023 17:00,20.44,91569,Netherlands
827183,68115,Product E,12,04/02/2023 18:00,46.98,98207,Germany
646091,17616,Product E,8,04/02/2023 19:00,7.38,92740,Netherlands
253040,92609,Product B,13,04/02/2023 20:00,67.56,51469,United Kingdom
392518,19245,Product A,4,04/02/2023 21:00,89.42,51837,France
272661,59127,Product A,17,04/02/2023 22:00,46.13,45611,United Kingdom
980177,33984,Product E,8,04/02/2023 23:00,10.45,32946,France
623228,82258,Product D,4,05/02/2023 00:00,32.2,44619,Germany
297837,11352,Product A,11,05/02/2023 01:00,5.84,90306,Germany
632413,71564,Product E,19,05/02/2023 02:00,63.89,83695,Netherlands
686939,70624,Product E,18,05/02/2023 03:00,13.68,57628,Netherlands
864043,98529,Product D,16,05/02/2023 04:00,96.08,22731,United Kingdom
655406,76865,Product C,19,05/02/2023 05:00,34.16,99784,France
598057,50227,Product D,19,05/02/2023 06:00,98.5,87657,Netherlands
910806,87122,Product D,13,05/02/2023 07:00,28.08,55928,Netherlands
625977,21060,Product A,18,05/02/2023 08:00,80.33,84459,France
513868,23147,Product B,14,05/02/2023 09:00,87.74,62884,Netherlands
649172,31706,Product C,11,05/02/2023 10:00,72.27,94606,United Kingdom
798381,96919,Product D,7,05/02/2023 11:00,41.0,70960,France
656375,23790,Product A,3,05/02/2023 12:00,69.63,27400,Spain
372697,79658,Product B,2,05/02/2023 13:00,45.13,68106,Spain
339770,88077,Product C,3,05/02/2023 14:00,86.49,77226,United Kingdom
174673,46553,Product E,3,05/02/2023 15:00,29.27,67625,Netherlands
938139,18693,Product D,5,05/02/2023 16:00,76.97,31021,Spain
754338,38146,Product A,3,05/02/2023 17:00,58.29,49877,Spain
443648,98357,Product A,16,05/02/2023 18:00,19.23,60129,France
335925,79471,Product A,10,05/02/2023 19:00,19.11,34760,United Kingdom
621251,37656,Product A,12,05/02/2023 20:00,73.03,14690,Spain
564133,89586,Product C,6,05/02/2023 21:00,76.78,65061,Spain
677835,49401,Product B,11,05/02/2023 22:00,22.05,87909,Germany
467026,76517,Product B,18,05/02/2023 23:00,65.46,64825,Spain
301726,61731,Product A,2,06/02/2023 00:00,56.72,11657,Germany
662914,97300,Product A,4,06/02/2023 01:00,3.84,15306,France
314415,28101,Product B,2,06/02/2023 02:00,87.25,77243,Germany
581091,62093,Product B,15,06/02/2023 03:00,62.87,18421,Germany
783235,68423,Product E,3,06/02/2023 04:00,27.5,64261,France
958316,99773,Product B,8,06/02/2023 05:00,43.91,76546,United Kingdom
430061,18693,Product B,12,06/02/2023 06:00,1.95,44473,Netherlands
855665,23499,Product B,11,06/02/2023 07:00,86.96,37962,France
850430,74708,Product D,1,06/02/2023 08:00,6.04,31440,Spain
934327,67460,Product D,12,06/02/2023 09:00,21.08,93894,United Kingdom
846257,91100,Product B,19,06/02/2023 10:00,43.33,11716,Spain
885874,20082,Product E,8,06/02/2023 11:00,96.91,33361,Spain
442938,18457,Product B,12,06/02/2023 12:00,37.1,60472,Netherlands
452806,89668,Product A,9,06/02/2023 13:00,88.66,90774,France
493358,79080,Product C,12,06/02/2023 14:00,78.14,17360,France
941564,63192,Product C,19,06/02/2023 15:00,66.18,82371,United Kingdom
877223,26989,Product A,15,06/02/2023 16:00,45.53,68226,Germany
433925,31770,Product A,8,06/02/2023 17:00,97.29,36724,United Kingdom
449067,29921,Product C,9,06/02/2023 18:00,49.3,23441,Netherlands
466245,20078,Product A,18,06/02/2023 19:00,14.71,31011,Spain
321411,23956,Product C,17,06/02/2023 20:00,12.77,82657,Spain
733357,34284,Product B,4,06/02/2023 21:00,49.94,18853,Spain
742691,25539,Product E,17,06/02/2023 22:00,91.24,84214,United Kingdom
244943,20577,Product B,16,06/02/2023 23:00,83.81,91767,United Kingdom
657288,50195,Product E,4,07/02/2023 00:00,21.23,57367,Germany
607782,18992,Product A,4,07/02/2023 01:00,76.28,77503,Netherlands
847510,87629,Product C,9,07/02/2023 02:00,69.78,31148,United Kingdom
709854,20594,Product C,2,07/02/2023 03:00,6.44,92086,Spain
840327,46827,Product A,8,07/02/2023 04:00,17.35,59412,Germany
765879,56011,Product C,10,07/02/2023 05:00,71.1,55413,United Kingdom
966923,82416,Product B,13,07/02/2023 06:00,48.82,67093,United Kingdom
182106,37463,Product E,2,07/02/2023 07:00,59.32,74675,Spain
933600,38076,Product C,6,07/02/2023 08:00,57.46,23008,Spain
878133,14141,Product C,6,07/02/2023 09:00,80.75,79682,Spain
331129,22586,Product B,8,07/02/2023 10:00,74.19,16567,Netherlands
667681,41537,Product C,4,07/02/2023 11:00,86.63,65736,France
335536,26567,Product C,19,07/02/2023 12:00,29.4,90454,Netherlands
952603,65948,Product A,11,07/02/2023 13:00,65.36,82123,France
973046,81139,Product D,7,07/02/2023 14:00,99.68,98281,United Kingdom
513940,58158,Product D,7,07/02/2023 15:00,43.75,95246,Spain
495142,67240,Product B,15,07/02/2023 16:00,9.95,78601,Netherlands
420983,35419,Product B,15,07/02/2023 17:00,71.59,41990,United Kingdom
234711,14937,Product E,5,07/02/2023 18:00,60.37,38437,France
364253,11998,Product B,4,07/02/2023 19:00,77.21,21311,Spain
563945,26096,Product E,10,07/02/2023 20:00,34.53,31038,France
143434,65245,Product B,1,07/02/2023 21:00,92.04,83792,Spain
947424,29952,Product E,10,07/02/2023 22:00,55.34,42194,Spain
947326,38217,Product A,12,07/02/2023 23:00,72.79,89582,United Kingdom
395382,50453,Product A,17,08/02/2023 00:00,49.06,70065,United Kingdom
966224,19657,Product D,4,08/02/2023 01:00,73.28,57499,France
490560,64451,Product A,4,08/02/2023 02:00,73.43,67359,Spain
602658,42438,Product C,5,08/02/2023 03:00,19.04,53784,Germany
638129,42908,Product B,18,08/02/2023 04:00,99.6,27322,Germany
168006,45795,Product C,3,08/02/2023 05:00,66.96,16897,Netherlands
431057,65680,Product D,7,08/02/2023 06:00,18.23,30692,United Kingdom
788920,34423,Product C,9,08/02/2023 07:00,31.55,90311,Germany
310684,20790,Product E,10,08/02/2023 08:00,35.81,21226,Germany
279664,18799,Product D,16,08/02/2023 09:00,38.73,33870,Netherlands
589956,36210,Product E,13,08/02/2023 10:00,6.49,32187,United Kingdom
314949,42748,Product D,12,08/02/2023 11:00,28.56,84353,Germany
826860,12201,Product A,3,08/02/2023 12:00,57.02,79170,France
672646,29951,Product D,2,08/02/2023 13:00,51.96,74811,France
425854,93766,Product C,1,08/02/2023 14:00,42.84,71346,United Kingdom
999310,53833,Product A,19,08/02/2023 15:00,17.86,24151,Netherlands
409835,14195,Product D,1,08/02/2023 16:00,66.1,26920,Netherlands
539950,68873,Product E,8,08/02/2023 17:00,87.99,93283,France
885106,85271,Product D,11,08/02/2023 18:00,50.25,42826,Netherlands
774829,24860,Product A,17,08/02/2023 19:00,50.05,12045,Netherlands
577378,69221,Product B,7,08/02/2023 20:00,15.86,43584,United Kingdom
840051,85538,Product B,16,08/02/2023 21:00,90.07,96057,United Kingdom
756554,31760,Product B,19,08/02/2023 22:00,67.97,38883,Netherlands
574709,92720,Product B,13,08/02/2023 23:00,26.01,73547,Spain
815648,54903,Product B,13,09/02/2023 00:00,29.2,83190,United Kingdom
868708,29369,Product C,11,09/02/2023 01:00,70.84,34163,United Kingdom
758246,57692,Product A,18,09/02/2023 02:00,57.65,10134,United Kingdom
552570,15047,Product E,14,09/02/2023 03:00,60.88,63225,Germany
692026,30908,Product B,17,09/02/2023 04:00,5.9,63256,Netherlands
511997,50990,Product B,2,09/02/2023 05:00,13.53,84028,Netherlands
171892,18985,Product C,5,09/02/2023 06:00,30.52,24330,France
765810,42776,Product B,13,09/02/2023 07:00,39.73,29804,Germany
664124,55682,Product C,10,09/02/2023 08:00,8.19,87431,Germany
353878,23658,Product D,2,09/02/2023 09:00,38.59,26968,Germany
192824,91072,Product C,16,09/02/2023 10:00,67.2,21549,United Kingdom
589862,50829,Product E,17,09/02/2023 11:00,84.83,69052,Netherlands
851480,65370,Product C,11,09/02/2023 12:00,11.2,62990,Germany
134930,50914,Product E,14,09/02/2023 13:00,79.28,53562,Spain
144083,38730,Product A,10,09/02/2023 14:00,97.69,72991,Germany
525574,11232,Product B,14,09/02/2023 15:00,65.74,84149,Netherlands
669679,42400,Product B,17,09/02/2023 16:00,15.62,36786,Germany
611625,39777,Product E,13,09/02/2023 17:00,5.64,38254,United Kingdom
328798,22408,Product E,18,09/02/2023 18:00,16.06,65445,France
487106,93081,Product C,2,09/02/2023 19:00,38.71,77467,France
484027,60304,Product B,6,09/02/2023 20:00,85.9,95720,Germany
318435,32877,Product A,18,09/02/2023 21:00,77.41,32677,United Kingdom
859053,64478,Product C,6,09/02/2023 22:00,13.62,47267,Spain
702486,97976,Product B,14,09/02/2023 23:00,39.72,33929,Germany
593117,42710,Product B,17,10/02/2023 00:00,9.05,60678,United Kingdom
399612,62987,Product B,19,10/02/2023 01:00,33.29,26579,Germany
584650,51141,Product B,2,10/02/2023 02:00,9.3,21399,Germany
702209,63042,Product E,19,10/02/2023 03:00,38.74,83887,Germany
739583,39996,Product E,2,10/02/2023 04:00,28.42,84349,Germany
627702,34600,Product A,8,10/02/2023 05:00,32.31,65313,Germany
840527,11374,Product B,4,10/02/2023 06:00,67.66,73052,Spain
126481,87782,Product C,16,10/02/2023 07:00,45.98,61789,Germany
524515,81745,Product B,17,10/02/2023 08:00,37.49,51329,United Kingdom
228339,23471,Product B,17,10/02/2023 09:00,34.97,17695,France
113076,38955,Product C,19,10/02/2023 10:00,48.78,67245,Spain
954094,36056,Product B,2,10/02/2023 11:00,47.58,83214,Spain
568911,39931,Product A,13,10/02/2023 12:00,45.81,47871,Netherlands
473751,54353,Product E,14,10/02/2023 13:00,29.46,94566,France
454689,68295,Product D,18,10/02/2023 14:00,79.04,29469,France
479773,15135,Product E,12,10/02/2023 15:00,17.08,46795,United Kingdom
896325,42476,Product B,11,10/02/2023 16:00,49.14,15863,Spain
965833,31538,Product A,10,10/02/2023 17:00,54.72,25846,Spain
146382,61154,Product A,14,10/02/2023 18:00,35.18,39473,Netherlands
115061,65063,Product C,2,10/02/2023 19:00,72.01,89463,United Kingdom
837181,73405,Product E,11,10/02/2023 20:00,44.3,39359,Netherlands
899422,22261,Product A,12,10/02/2023 21:00,92.1,65435,Germany
940604,27264,Product B,16,10/02/2023 22:00,3.58,13344,France
175049,92178,Product B,14,10/02/2023 23:00,81.71,34107,Netherlands
258449,57791,Product C,7,11/02/2023 00:00,56.9,33449,France
224496,41935,Product E,4,11/02/2023 01:00,36.06,12657,United Kingdom
950282,85184,Product B,7,11/02/2023 02:00,18.98,15099,Spain
808206,48639,Product C,9,11/02/2023 03:00,96.07,93849,Spain
905667,49249,Product C,15,11/02/2023 04:00,70.83,80526,Netherlands
259943,55904,Product E,18,11/02/2023 05:00,58.52,66326,France
789753,46948,Product D,7,11/02/2023 06:00,48.16,56628,Netherlands
372656,46913,Product C,11,11/02/2023 07:00,53.19,79807,France
736773,26998,Product A,6,11/02/2023 08:00,69.9,53851,Germany
111010,58358,Product E,9,11/02/2023 09:00,13.93,67432,France
100332,91819,Product C,4,11/02/2023 10:00,77.37,25559,France
477437,27527,Product D,16,11/02/2023 11:00,52.56,91826,France
458944,61354,Product A,4,11/02/2023 12:00,62.86,85719,Spain
262004,94620,Product E,14,11/02/2023 13:00,15.08,11304,Netherlands
754012,98403,Product B,17,11/02/2023 14:00,3.17,67724,Spain
944109,41045,Product C,5,11/02/2023 15:00,68.95,63330,United Kingdom
